status_checking_account,duration_months,credit_history,purpose,credit_amount,savings_account,employment_since,installment_rate,personal_status_sex,other_debtors,present_residence_since,property,age,other_installment_plans,housing,num_existing_credits,job,num_dependents,telephone,foreign_worker,target
A12,50,A32,A45,20497,A65,A75,4,A92,A103,4,A124,42,A143,A152,1,A173,1,A192,A201,1
A14,15,A32,A42,3558,A61,A72,3,A93,A101,4,A124,36,A143,A152,1,A174,1,A191,A201,1
A13,65,A34,A43,3032,A61,A73,2,A93,A101,1,A122,53,A143,A153,1,A173,1,A191,A201,1
A13,11,A34,A48,6059,A65,A73,3,A93,A101,2,A121,43,A143,A152,1,A173,1,A191,A202,1
A11,24,A32,A44,1771,A61,A75,2,A92,A101,1,A123,35,A143,A152,1,A173,2,A191,A201,1
A11,28,A32,A46,2985,A61,A73,4,A92,A101,2,A122,50,A141,A152,1,A173,1,A191,A201,1
A11,15,A32,A49,3118,A61,A74,4,A92,A101,1,A121,74,A143,A152,1,A173,1,A191,A201,1
A14,18,A33,A41,1978,A65,A74,3,A93,A101,4,A124,42,A143,A151,1,A173,2,A191,A201,1
A13,62,A30,A44,7783,A61,A72,4,A93,A101,4,A121,25,A143,A152,2,A172,1,A192,A201,0
A13,29,A32,A48,2502,A64,A73,4,A92,A101,4,A121,31,A143,A152,2,A173,1,A191,A201,1
A11,29,A32,A410,860,A65,A73,3,A93,A101,4,A121,45,A143,A152,2,A173,1,A192,A201,1
A14,50,A34,A42,2342,A61,A73,4,A93,A101,4,A123,66,A143,A153,2,A173,1,A191,A202,1
A14,35,A32,A48,3638,A61,A73,4,A93,A101,1,A123,23,A143,A152,2,A174,1,A192,A201,1
A11,13,A32,A410,1458,A65,A71,4,A93,A101,1,A122,54,A143,A152,1,A173,1,A192,A201,1
A11,19,A32,A45,1553,A61,A75,1,A92,A102,4,A122,44,A143,A152,1,A172,1,A192,A201,1
A11,20,A33,A43,1925,A64,A75,4,A93,A101,2,A122,60,A143,A151,1,A173,1,A192,A201,1
A12,26,A31,A46,7918,A65,A73,4,A92,A101,2,A123,63,A143,A152,1,A174,1,A191,A201,1
A12,29,A32,A47,2018,A62,A73,2,A93,A101,3,A121,49,A143,A152,2,A173,2,A191,A201,1
A12,10,A32,A45,9351,A63,A71,2,A93,A102,2,A124,28,A142,A152,2,A173,1,A191,A201,1
A12,17,A32,A44,1822,A65,A74,4,A94,A101,4,A121,64,A143,A153,2,A173,2,A191,A202,1
A13,10,A32,A45,3866,A65,A75,1,A92,A101,3,A124,44,A143,A152,1,A173,1,A191,A201,1
A11,12,A33,A44,2086,A61,A72,4,A94,A101,4,A121,40,A141,A152,4,A173,1,A191,A201,1
A12,51,A34,A47,5449,A61,A72,4,A92,A101,4,A123,30,A143,A152,1,A174,1,A191,A201,0
A12,62,A32,A40,1218,A61,A75,4,A93,A101,3,A121,50,A143,A152,2,A172,1,A192,A201,1
A12,42,A34,A410,5400,A62,A74,1,A92,A101,2,A121,45,A143,A152,1,A173,1,A192,A201,0
A13,21,A32,A46,3265,A61,A71,4,A93,A101,2,A124,51,A143,A151,1,A173,1,A191,A201,1
A11,62,A31,A49,1786,A63,A74,3,A93,A101,3,A124,71,A143,A152,1,A172,1,A191,A201,0
A12,20,A31,A49,2609,A61,A73,4,A93,A101,4,A122,70,A143,A152,2,A173,1,A192,A201,0
A13,17,A32,A410,10168,A62,A73,4,A93,A101,4,A123,38,A143,A151,1,A173,1,A191,A202,1
A11,34,A34,A41,3328,A61,A75,4,A92,A101,4,A123,57,A141,A153,1,A173,1,A191,A201,0
A13,27,A33,A48,1699,A63,A75,4,A91,A101,2,A124,59,A143,A153,2,A173,1,A191,A201,1
A11,63,A34,A40,1137,A61,A73,4,A93,A101,4,A122,58,A143,A153,2,A173,1,A191,A201,0
A11,48,A32,A410,4466,A61,A75,3,A92,A101,4,A123,31,A143,A151,1,A174,1,A191,A201,1
A14,6,A32,A49,3486,A61,A73,4,A92,A101,4,A122,32,A143,A153,2,A173,1,A192,A201,1
A14,40,A32,A45,5197,A63,A75,4,A93,A101,4,A122,62,A143,A153,1,A173,1,A191,A201,1
A13,46,A32,A48,925,A61,A73,3,A93,A101,4,A124,58,A143,A153,1,A172,1,A191,A201,1
A12,43,A32,A40,1167,A61,A75,2,A91,A101,4,A121,71,A143,A152,1,A174,1,A192,A201,1
A11,58,A31,A43,7461,A65,A75,4,A92,A101,4,A121,40,A143,A152,1,A173,2,A192,A201,0
A13,42,A32,A43,3885,A63,A72,3,A91,A101,1,A123,36,A143,A151,1,A173,1,A191,A201,1
A12,18,A32,A48,4567,A65,A75,4,A93,A101,4,A123,66,A143,A152,1,A173,1,A192,A201,1
A11,7,A34,A410,1380,A61,A75,4,A93,A101,2,A121,47,A143,A151,1,A173,2,A192,A201,1
A12,28,A34,A44,1359,A61,A75,2,A95,A101,1,A122,61,A142,A152,2,A174,2,A192,A201,0
A11,16,A34,A44,6588,A65,A72,4,A93,A101,4,A124,34,A143,A153,2,A174,2,A192,A201,1
A14,36,A33,A45,6841,A61,A75,2,A92,A101,4,A121,64,A143,A152,1,A174,1,A192,A202,1
A11,19,A32,A40,1248,A63,A75,3,A93,A101,1,A123,53,A143,A151,1,A173,1,A191,A201,1
A13,45,A33,A40,1071,A61,A73,4,A93,A101,3,A123,71,A143,A153,2,A173,1,A192,A201,1
A12,69,A34,A48,2732,A61,A75,3,A92,A101,2,A122,52,A143,A153,2,A172,1,A192,A201,0
A12,58,A32,A42,1572,A61,A71,4,A94,A101,4,A124,21,A143,A152,2,A172,1,A191,A201,1
A13,45,A32,A43,1546,A61,A72,4,A93,A101,4,A123,22,A142,A152,1,A172,1,A191,A201,1
A11,37,A34,A40,1095,A61,A73,4,A93,A101,4,A122,72,A143,A152,1,A173,2,A192,A201,0
A14,33,A32,A48,2049,A61,A74,1,A93,A101,4,A123,23,A143,A152,2,A174,1,A192,A202,1
A13,16,A32,A47,1183,A65,A74,2,A92,A101,3,A123,28,A141,A152,1,A174,1,A191,A201,1
A14,16,A32,A41,1241,A61,A71,4,A92,A101,4,A123,70,A143,A151,2,A173,1,A191,A201,1
A14,21,A32,A47,3784,A62,A75,4,A93,A101,3,A124,47,A143,A152,2,A173,1,A192,A201,1
A13,35,A32,A46,2852,A65,A71,4,A92,A101,4,A122,50,A143,A151,1,A173,1,A191,A201,1
A14,42,A32,A410,4393,A61,A72,4,A93,A101,4,A122,49,A143,A153,1,A173,1,A191,A201,1
A11,49,A30,A45,796,A61,A71,3,A93,A101,4,A121,20,A143,A152,2,A173,2,A191,A201,0
A11,32,A30,A40,3004,A63,A73,3,A93,A101,3,A121,30,A143,A152,1,A173,1,A191,A201,0
A11,65,A34,A46,15685,A62,A75,4,A93,A102,2,A121,45,A143,A152,1,A174,1,A192,A201,0
A12,65,A32,A49,2213,A63,A74,2,A93,A101,1,A124,23,A143,A151,2,A173,1,A191,A201,1
A12,60,A32,A46,5766,A64,A75,1,A93,A101,4,A123,55,A143,A153,2,A173,1,A191,A201,1
A12,19,A32,A48,5726,A65,A71,4,A93,A101,3,A123,45,A141,A153,1,A173,1,A191,A201,1
A14,59,A34,A40,5956,A61,A73,2,A92,A101,3,A123,41,A143,A152,1,A172,1,A191,A201,1
A12,13,A32,A41,3406,A61,A73,2,A92,A101,4,A124,51,A143,A151,2,A173,1,A192,A201,1
A12,33,A32,A410,4688,A62,A73,2,A92,A101,4,A122,22,A143,A152,3,A173,1,A191,A201,1
A13,28,A34,A48,5214,A61,A72,4,A92,A101,1,A124,39,A141,A152,2,A174,1,A191,A201,1
A11,8,A34,A48,4956,A65,A74,4,A92,A101,4,A122,42,A143,A153,3,A173,2,A191,A201,1
A13,68,A32,A45,1219,A61,A73,4,A92,A101,4,A124,62,A143,A151,1,A173,1,A191,A201,1
A11,52,A34,A45,760,A61,A75,4,A93,A103,4,A123,49,A143,A151,1,A173,1,A192,A201,0
A14,6,A32,A43,860,A65,A73,3,A93,A101,3,A121,62,A143,A152,1,A173,1,A191,A201,1
A13,48,A32,A43,2401,A61,A72,4,A92,A102,2,A123,66,A143,A152,1,A173,1,A192,A201,1
A11,17,A32,A44,4794,A61,A74,1,A93,A102,3,A123,42,A143,A151,1,A173,1,A191,A201,1
A11,33,A31,A42,1232,A61,A72,2,A93,A101,3,A121,67,A143,A152,1,A172,1,A191,A201,0
A14,71,A34,A40,6242,A65,A75,4,A92,A101,2,A123,71,A143,A152,2,A173,2,A192,A201,1
A13,21,A32,A40,1994,A61,A74,4,A94,A101,4,A122,28,A143,A152,2,A173,1,A192,A201,1
A13,65,A32,A46,2009,A65,A72,3,A93,A101,4,A121,67,A143,A152,1,A172,1,A192,A201,1
A13,40,A34,A40,1527,A61,A75,3,A93,A101,4,A124,67,A143,A152,1,A174,1,A191,A201,1
A11,28,A34,A40,659,A64,A73,4,A93,A101,1,A123,68,A143,A152,1,A173,1,A191,A201,0
A12,51,A32,A42,3581,A65,A72,1,A92,A101,4,A124,20,A143,A153,1,A172,1,A192,A201,0
A11,68,A32,A49,11732,A61,A74,2,A93,A101,4,A123,49,A143,A152,2,A172,2,A191,A201,1
A14,56,A32,A43,2835,A61,A73,2,A91,A101,4,A122,43,A143,A152,1,A174,1,A192,A201,1
A13,18,A34,A43,678,A61,A75,2,A93,A101,4,A123,22,A141,A153,1,A173,1,A192,A201,1
A12,52,A33,A41,5565,A63,A75,4,A93,A101,4,A123,69,A143,A152,1,A173,2,A192,A201,1
A11,71,A34,A40,812,A61,A75,2,A93,A101,4,A124,29,A143,A152,2,A172,1,A192,A201,0
A12,15,A31,A42,1133,A62,A73,2,A92,A101,3,A121,35,A143,A152,2,A174,2,A191,A201,0
A12,62,A31,A410,2463,A61,A73,4,A93,A101,4,A124,62,A143,A152,2,A173,1,A192,A201,0
A13,40,A32,A43,3288,A61,A75,4,A93,A101,1,A124,20,A143,A152,1,A173,1,A191,A201,1
A13,64,A32,A42,1330,A61,A72,2,A93,A101,1,A123,24,A141,A152,1,A174,1,A191,A201,1
A14,46,A32,A47,2387,A61,A73,2,A93,A101,2,A124,27,A143,A152,1,A172,1,A191,A201,1
A12,42,A34,A49,5282,A61,A73,3,A93,A101,1,A122,23,A141,A151,1,A173,1,A191,A201,0
A11,59,A32,A40,5894,A65,A72,4,A93,A101,2,A124,38,A143,A153,1,A172,1,A192,A201,1
A13,66,A32,A41,8112,A62,A73,4,A93,A101,2,A123,47,A141,A152,1,A173,1,A192,A201,1
A13,49,A34,A46,13732,A61,A75,4,A93,A101,1,A121,39,A141,A152,1,A173,1,A191,A201,1
A13,14,A32,A43,5698,A65,A75,4,A93,A101,4,A124,27,A141,A152,1,A174,1,A191,A201,1
A13,65,A34,A47,2506,A63,A72,4,A93,A101,1,A122,46,A143,A152,1,A173,1,A192,A201,1
A12,28,A31,A410,5928,A65,A72,4,A92,A101,4,A122,73,A143,A152,2,A173,1,A192,A201,0
A12,55,A32,A42,4330,A61,A73,4,A93,A101,2,A123,26,A143,A153,4,A174,1,A192,A201,1
A12,7,A30,A45,4469,A61,A75,1,A93,A101,4,A121,49,A141,A152,2,A174,1,A192,A201,0
A11,62,A31,A48,3435,A61,A72,4,A92,A101,4,A122,38,A143,A152,1,A173,1,A192,A201,0
A11,23,A34,A40,1437,A63,A74,3,A93,A103,4,A123,45,A143,A153,1,A173,1,A191,A201,1
A11,66,A32,A40,1309,A61,A72,2,A93,A101,4,A121,26,A143,A151,2,A172,2,A192,A201,0
A13,57,A32,A47,2758,A61,A74,4,A92,A101,1,A121,72,A143,A151,1,A171,1,A192,A201,1
A12,60,A32,A42,3358,A61,A73,3,A93,A101,4,A121,39,A142,A153,2,A173,1,A192,A201,1
A12,44,A32,A44,1730,A61,A75,4,A92,A101,4,A122,46,A143,A152,1,A172,2,A191,A202,1
A14,6,A34,A40,4182,A62,A73,4,A92,A101,4,A123,41,A143,A153,2,A173,2,A192,A201,1
A11,9,A30,A44,15750,A61,A74,4,A93,A101,4,A123,24,A141,A151,2,A171,1,A191,A201,0
A12,8,A33,A410,738,A61,A73,4,A92,A101,3,A124,21,A143,A151,2,A173,1,A191,A201,1
A13,8,A34,A45,4749,A62,A74,2,A92,A101,4,A123,23,A143,A151,2,A173,1,A192,A201,1
A11,57,A32,A47,2827,A65,A75,4,A93,A101,2,A121,27,A143,A152,1,A172,1,A191,A201,1
A11,50,A34,A42,4274,A63,A72,4,A92,A101,4,A124,25,A143,A152,1,A173,2,A191,A201,0
A12,52,A31,A42,2112,A65,A75,4,A95,A101,1,A123,22,A143,A152,1,A173,1,A192,A201,0
A11,12,A32,A410,2652,A64,A74,4,A95,A101,4,A123,57,A143,A151,1,A173,1,A192,A201,1
A14,23,A32,A410,3306,A61,A72,3,A92,A101,2,A123,23,A143,A152,1,A173,1,A192,A201,1
A13,64,A34,A49,2341,A61,A73,4,A91,A103,2,A124,29,A143,A152,1,A173,1,A191,A201,0
A13,38,A34,A48,883,A62,A72,2,A93,A101,4,A123,33,A143,A151,2,A172,1,A192,A201,1
A14,53,A32,A43,2472,A62,A74,4,A93,A101,4,A122,52,A143,A153,1,A172,1,A191,A201,1
A13,65,A33,A43,959,A62,A75,3,A92,A101,4,A123,31,A141,A152,1,A172,1,A192,A201,1
A11,20,A32,A46,5026,A61,A72,4,A93,A101,2,A121,72,A143,A152,1,A173,1,A191,A201,1
A14,6,A32,A41,670,A61,A73,1,A91,A101,1,A122,66,A143,A152,1,A173,1,A192,A201,1
A12,35,A32,A47,6788,A61,A75,2,A93,A103,4,A122,25,A143,A152,1,A172,1,A191,A201,1
A13,16,A34,A45,4203,A61,A75,4,A92,A101,4,A121,58,A143,A152,3,A173,1,A192,A201,1
A14,71,A32,A42,4216,A61,A73,4,A92,A101,4,A121,24,A143,A152,1,A173,1,A191,A201,1
A12,17,A32,A48,527,A65,A75,4,A92,A101,4,A121,74,A141,A152,1,A174,2,A192,A201,1
A11,14,A32,A44,2291,A61,A73,4,A95,A101,4,A123,57,A141,A152,1,A173,1,A191,A201,1
A11,59,A32,A47,7501,A61,A73,4,A93,A101,3,A123,68,A141,A152,1,A173,1,A192,A201,1
A12,70,A32,A46,1968,A61,A75,4,A93,A101,4,A124,48,A143,A153,2,A173,1,A191,A201,1
A14,32,A32,A47,1258,A62,A73,2,A93,A103,4,A122,40,A143,A153,1,A174,1,A191,A201,1
A14,12,A34,A46,1791,A61,A73,4,A92,A101,3,A123,43,A143,A152,1,A174,1,A192,A201,1
A11,70,A32,A42,2822,A61,A73,2,A92,A101,4,A124,46,A143,A152,1,A173,1,A192,A201,1
A12,28,A32,A41,1508,A61,A75,4,A93,A101,4,A121,72,A143,A153,3,A173,1,A191,A201,1
A12,45,A32,A46,7998,A61,A75,4,A93,A101,3,A123,38,A143,A152,1,A173,1,A191,A201,1
A11,12,A34,A42,2830,A65,A73,4,A93,A102,2,A123,57,A143,A152,2,A173,1,A192,A201,0
A11,43,A34,A42,1911,A65,A73,4,A92,A101,1,A121,21,A143,A151,1,A173,1,A192,A201,0
A12,28,A31,A41,1052,A61,A73,4,A94,A101,4,A124,23,A143,A151,1,A173,1,A191,A201,0
A14,8,A33,A43,4392,A61,A74,4,A92,A101,2,A123,19,A143,A152,2,A174,1,A192,A201,1
A12,14,A32,A47,4312,A63,A73,2,A95,A101,2,A121,33,A143,A152,1,A173,1,A192,A201,1
A12,62,A31,A40,1581,A61,A75,4,A91,A101,4,A121,44,A143,A152,1,A173,1,A191,A201,0
A13,41,A32,A40,498,A61,A73,1,A93,A101,4,A121,21,A141,A152,1,A173,1,A191,A201,1
A12,8,A32,A44,4140,A61,A73,4,A92,A101,4,A122,58,A141,A152,1,A173,1,A192,A201,1
A14,51,A32,A410,2567,A65,A72,2,A93,A101,4,A122,75,A143,A152,2,A173,1,A192,A201,1
A14,21,A34,A44,3900,A61,A73,2,A93,A101,4,A123,59,A143,A151,1,A173,2,A192,A201,1
A11,40,A34,A410,14267,A61,A75,3,A93,A101,4,A121,65,A141,A152,2,A173,1,A191,A201,0
A12,63,A33,A40,2917,A63,A73,3,A93,A101,4,A124,60,A143,A152,1,A173,1,A191,A201,1
A12,51,A32,A45,1976,A61,A72,4,A93,A101,4,A122,52,A143,A152,1,A174,1,A191,A201,1
A12,31,A32,A40,1190,A61,A73,2,A93,A101,2,A121,70,A143,A151,2,A172,1,A192,A201,1
A11,72,A33,A44,2321,A65,A73,4,A93,A101,4,A122,23,A143,A153,1,A173,1,A191,A201,1
A13,43,A32,A48,3389,A61,A71,2,A92,A101,2,A123,49,A141,A153,1,A172,2,A191,A201,1
A12,48,A31,A44,3110,A62,A73,4,A93,A101,2,A122,69,A141,A152,1,A174,1,A191,A201,0
A11,65,A32,A45,11834,A61,A73,4,A93,A101,3,A121,31,A141,A152,1,A173,1,A191,A201,1
A12,61,A34,A47,4443,A61,A73,4,A93,A101,1,A121,61,A143,A152,2,A173,1,A191,A201,0
A14,70,A32,A410,2676,A61,A73,4,A93,A101,4,A123,19,A143,A152,1,A172,1,A191,A201,1
A11,59,A31,A40,1693,A61,A73,3,A92,A101,4,A124,40,A143,A152,1,A173,2,A192,A201,0
A11,43,A34,A41,3689,A61,A75,4,A92,A101,4,A122,33,A143,A152,2,A174,1,A191,A201,0
A12,43,A32,A48,1442,A65,A73,3,A92,A101,4,A122,44,A143,A151,1,A172,2,A191,A201,1
A14,36,A32,A42,3442,A61,A73,4,A92,A101,4,A123,36,A143,A152,1,A173,1,A191,A201,1
A11,9,A32,A45,4402,A61,A73,4,A93,A101,1,A123,66,A141,A152,1,A172,1,A191,A201,1
A13,22,A32,A44,2506,A61,A73,1,A93,A101,4,A122,27,A141,A152,2,A173,1,A191,A201,1
A13,43,A34,A410,1800,A64,A75,4,A94,A101,4,A124,19,A143,A152,2,A173,1,A191,A201,1
A11,62,A32,A41,518,A61,A72,4,A93,A103,3,A123,61,A143,A152,2,A173,2,A191,A201,1
A13,62,A32,A46,7443,A61,A74,3,A92,A101,4,A122,27,A141,A152,1,A173,1,A192,A201,1
A12,51,A34,A43,4116,A61,A71,2,A93,A101,2,A123,41,A143,A152,2,A173,1,A191,A201,0
A13,44,A34,A40,4196,A61,A73,2,A93,A101,2,A124,61,A143,A152,1,A173,1,A191,A201,0
A13,16,A34,A43,854,A61,A75,4,A93,A101,2,A123,63,A143,A153,1,A173,2,A192,A201,1
A12,48,A32,A45,8990,A65,A73,4,A93,A101,3,A121,20,A141,A151,2,A172,2,A191,A201,1
A11,56,A32,A46,2054,A61,A73,2,A95,A101,4,A122,32,A141,A152,1,A173,1,A192,A201,1
A14,45,A34,A46,2366,A61,A72,3,A93,A101,4,A122,56,A141,A152,1,A173,1,A191,A201,1
A12,66,A34,A46,1267,A61,A75,4,A93,A101,3,A122,58,A143,A152,2,A172,1,A191,A201,0
A11,30,A30,A42,713,A65,A71,4,A92,A101,4,A123,36,A143,A152,2,A172,1,A191,A201,0
A11,41,A31,A45,7524,A61,A75,1,A92,A101,4,A123,34,A143,A152,1,A172,1,A192,A201,0
A13,63,A32,A47,8343,A61,A72,2,A93,A102,2,A123,71,A143,A152,1,A174,1,A191,A201,1
A13,10,A34,A43,2611,A61,A75,4,A93,A101,2,A124,47,A143,A152,1,A173,1,A191,A201,1
A11,8,A32,A47,1731,A61,A73,1,A93,A101,4,A121,62,A143,A152,1,A173,1,A191,A201,1
A12,48,A32,A41,2204,A61,A74,2,A95,A101,4,A124,29,A143,A152,1,A173,1,A191,A201,1
A11,61,A32,A49,2253,A61,A73,4,A93,A101,4,A123,24,A143,A152,1,A173,1,A192,A201,0
A13,34,A33,A48,1141,A61,A75,4,A91,A101,3,A122,21,A143,A152,3,A173,1,A191,A201,1
A11,26,A34,A48,2359,A61,A72,2,A93,A101,4,A123,32,A143,A151,1,A173,1,A192,A201,0
A13,45,A32,A47,3369,A61,A72,2,A93,A101,2,A121,20,A143,A152,1,A173,1,A191,A201,1
A12,13,A34,A49,6731,A61,A73,1,A92,A101,2,A123,50,A143,A152,1,A174,1,A192,A201,0
A14,35,A34,A49,3015,A61,A72,2,A93,A101,4,A123,49,A141,A152,1,A173,1,A191,A201,1
A11,56,A32,A40,844,A64,A72,4,A93,A101,3,A122,29,A143,A152,1,A172,1,A192,A201,1
A12,33,A32,A41,3955,A65,A75,3,A93,A101,2,A123,40,A141,A151,2,A173,1,A191,A201,1
A11,42,A32,A45,2429,A65,A75,4,A93,A102,2,A123,21,A143,A152,2,A173,1,A192,A201,1
A14,34,A34,A49,8922,A65,A73,4,A92,A101,1,A121,68,A142,A152,1,A174,1,A192,A201,1
A14,5,A32,A44,9354,A62,A75,3,A95,A101,4,A121,49,A143,A153,2,A173,1,A191,A201,1
A11,15,A33,A48,9619,A63,A73,2,A93,A101,4,A122,51,A143,A153,1,A173,1,A192,A201,1
A13,42,A34,A44,1902,A61,A73,4,A93,A101,1,A123,42,A143,A153,1,A173,1,A192,A201,0
A14,69,A32,A41,14645,A62,A74,4,A92,A101,2,A124,19,A143,A152,1,A173,1,A192,A201,1
A13,16,A34,A49,3947,A61,A74,4,A93,A101,1,A124,62,A143,A152,2,A173,1,A191,A201,1
A12,49,A32,A43,10950,A61,A75,2,A92,A103,4,A123,33,A143,A151,1,A174,1,A191,A201,1
A11,30,A32,A48,1994,A64,A73,4,A92,A102,1,A123,55,A141,A152,1,A173,2,A192,A201,1
A11,20,A33,A40,2347,A61,A74,4,A93,A101,4,A122,45,A143,A151,2,A173,1,A191,A201,1
A14,63,A34,A410,3711,A61,A71,4,A92,A101,1,A123,56,A141,A152,1,A174,1,A191,A201,0
A14,67,A32,A40,3366,A65,A72,2,A93,A101,2,A121,66,A142,A152,1,A171,1,A192,A201,1
A13,38,A34,A46,8134,A61,A71,4,A92,A101,4,A122,45,A141,A152,1,A172,1,A191,A201,0
A12,33,A34,A410,2475,A61,A75,4,A93,A101,4,A123,62,A143,A151,2,A173,2,A191,A201,0
A12,66,A32,A42,7568,A65,A75,3,A92,A101,1,A121,30,A143,A152,1,A172,1,A191,A201,1
A13,31,A34,A49,5355,A62,A75,4,A91,A103,4,A123,21,A143,A152,1,A174,1,A192,A202,0
A14,63,A32,A41,2513,A61,A73,2,A92,A101,4,A123,48,A143,A152,2,A173,1,A192,A201,1
A14,40,A32,A48,5032,A61,A73,2,A94,A101,4,A122,50,A143,A152,1,A173,1,A192,A202,1
A13,25,A32,A42,2041,A61,A72,3,A93,A101,4,A122,41,A143,A151,1,A172,1,A192,A201,1
A13,71,A34,A41,19538,A65,A73,4,A92,A103,4,A124,20,A143,A152,2,A173,1,A191,A201,1
A11,23,A33,A47,353,A61,A73,3,A93,A101,4,A123,25,A142,A152,2,A173,1,A191,A201,1
A11,71,A32,A49,5106,A61,A75,4,A93,A101,2,A122,52,A143,A152,2,A173,1,A191,A201,1
A14,67,A32,A45,726,A61,A73,4,A95,A101,4,A122,50,A142,A152,1,A173,1,A191,A201,1
A13,20,A32,A45,2488,A61,A72,2,A93,A101,4,A123,71,A143,A152,1,A173,1,A191,A201,1
A11,15,A31,A49,2783,A65,A71,4,A93,A101,1,A123,57,A143,A153,2,A173,1,A192,A201,1
A11,25,A34,A410,9957,A61,A72,4,A92,A101,1,A121,50,A143,A152,2,A173,1,A192,A201,0
A13,20,A34,A46,1713,A62,A73,4,A93,A101,1,A122,61,A141,A152,1,A173,1,A191,A201,1
A11,13,A32,A46,8488,A61,A75,4,A95,A101,4,A124,61,A143,A152,1,A173,1,A192,A201,1
A11,68,A34,A410,1160,A62,A74,4,A93,A101,4,A123,32,A141,A152,1,A172,1,A192,A201,0
A13,25,A32,A45,8754,A65,A75,2,A92,A101,4,A124,21,A143,A152,1,A173,2,A192,A201,1
A13,53,A34,A43,2039,A61,A73,4,A92,A101,1,A123,64,A143,A152,2,A171,1,A191,A201,0
A13,17,A33,A410,3161,A61,A73,2,A93,A101,4,A124,50,A143,A152,1,A173,1,A191,A201,1
A11,67,A33,A48,2277,A61,A72,4,A93,A103,4,A121,61,A141,A151,1,A173,1,A191,A201,1
A13,50,A32,A45,8315,A64,A75,2,A93,A101,3,A123,54,A143,A152,1,A172,1,A191,A201,1
A11,32,A34,A43,7116,A61,A75,4,A94,A101,4,A121,35,A141,A152,1,A174,1,A191,A201,0
A12,39,A32,A42,4250,A65,A72,4,A91,A101,4,A123,66,A142,A152,1,A173,1,A192,A201,1
A13,55,A32,A43,1186,A62,A73,4,A92,A101,4,A122,21,A143,A152,2,A174,1,A191,A201,1
A13,10,A30,A42,1682,A65,A73,2,A94,A101,4,A122,75,A143,A152,1,A172,1,A191,A201,1
A14,32,A32,A41,1309,A62,A74,4,A92,A101,4,A124,28,A143,A153,1,A174,1,A191,A201,1
A13,14,A32,A44,493,A61,A75,4,A92,A101,3,A124,71,A141,A153,1,A172,1,A192,A201,1
A13,36,A34,A41,8176,A61,A74,4,A93,A101,4,A121,65,A143,A152,2,A173,1,A191,A201,1
A11,9,A34,A45,2293,A61,A73,2,A93,A101,2,A123,58,A143,A153,3,A174,1,A191,A201,0
A12,35,A31,A42,2273,A65,A71,4,A92,A101,2,A122,36,A143,A151,2,A173,1,A192,A201,0
A11,54,A34,A45,9866,A64,A72,4,A94,A101,1,A122,21,A143,A153,2,A172,1,A191,A201,0
A11,61,A32,A410,2036,A62,A72,2,A93,A101,4,A123,57,A143,A152,1,A173,1,A192,A201,1
A14,29,A34,A49,1521,A61,A71,4,A92,A101,3,A122,28,A141,A152,1,A173,1,A191,A201,1
A12,49,A34,A48,2490,A61,A75,4,A93,A102,2,A124,70,A143,A152,3,A173,2,A191,A202,0
A14,32,A32,A40,1204,A64,A74,4,A93,A101,2,A121,27,A143,A152,1,A172,1,A191,A201,1
A13,7,A34,A45,3926,A61,A72,3,A93,A101,4,A123,64,A141,A152,1,A173,1,A192,A201,1
A13,16,A32,A48,2210,A61,A75,4,A93,A101,4,A123,73,A143,A153,2,A172,1,A192,A201,1
A12,42,A32,A410,1986,A62,A72,4,A95,A101,4,A121,64,A141,A153,2,A174,1,A191,A201,1
A13,18,A34,A43,1853,A61,A73,3,A92,A101,4,A122,29,A143,A151,1,A173,1,A191,A201,0
A12,32,A32,A410,2738,A61,A73,4,A93,A101,4,A123,51,A143,A151,3,A173,1,A191,A201,1
A11,32,A32,A41,3186,A61,A73,4,A93,A101,3,A123,54,A141,A152,1,A173,1,A192,A201,0
A13,35,A32,A43,1966,A61,A73,4,A93,A103,4,A122,44,A141,A152,1,A174,1,A191,A201,1
A12,5,A34,A40,2237,A65,A73,2,A93,A101,1,A123,45,A141,A151,1,A173,2,A191,A201,1
A11,50,A32,A42,2792,A61,A73,4,A92,A101,3,A121,56,A143,A152,1,A174,1,A191,A201,0
A13,25,A32,A49,2576,A61,A75,4,A93,A101,3,A121,40,A143,A152,2,A173,1,A191,A201,1
A11,30,A34,A48,3055,A61,A71,2,A93,A101,4,A122,44,A141,A152,1,A173,1,A192,A201,0
A14,70,A34,A49,1734,A64,A72,2,A92,A101,3,A121,40,A142,A152,1,A173,1,A192,A201,1
A14,59,A32,A44,6658,A61,A71,4,A93,A101,4,A124,23,A143,A152,1,A172,1,A191,A201,1
A14,24,A32,A410,3221,A61,A74,4,A93,A101,2,A123,53,A142,A151,1,A173,1,A191,A201,1
A12,50,A32,A45,1992,A61,A71,3,A93,A101,4,A124,20,A143,A153,1,A172,1,A191,A201,1
A11,62,A32,A42,3926,A61,A75,4,A92,A101,2,A123,53,A143,A152,3,A173,2,A191,A201,1
A14,9,A32,A44,2808,A61,A73,2,A93,A101,2,A124,27,A143,A152,1,A173,1,A192,A201,1
A12,22,A34,A410,744,A65,A73,4,A92,A101,1,A123,69,A143,A152,1,A173,1,A191,A201,1
A14,60,A33,A47,3915,A65,A73,4,A92,A101,4,A123,69,A143,A151,1,A173,1,A191,A201,1
A14,72,A33,A45,1318,A61,A72,4,A93,A101,3,A124,67,A143,A152,2,A173,1,A191,A201,1
A14,6,A32,A43,6295,A61,A72,2,A91,A101,4,A123,36,A143,A151,1,A172,1,A192,A201,1
A12,4,A34,A41,2456,A65,A73,4,A92,A101,4,A121,61,A143,A152,1,A173,1,A191,A201,1
A12,61,A32,A48,5563,A61,A74,2,A91,A101,4,A123,30,A141,A151,1,A174,1,A192,A201,0
A14,41,A34,A40,1800,A65,A72,3,A92,A101,4,A124,21,A141,A152,1,A173,1,A192,A201,0
A12,18,A33,A40,3152,A61,A72,4,A92,A101,3,A123,36,A141,A152,1,A172,2,A192,A201,1
A11,37,A32,A43,7849,A65,A75,4,A95,A101,3,A123,74,A143,A152,2,A173,1,A192,A201,1
A13,64,A33,A46,2403,A64,A71,2,A92,A101,4,A123,56,A143,A152,2,A173,1,A191,A201,1
A14,38,A32,A40,1858,A65,A75,4,A92,A101,4,A124,25,A143,A153,1,A173,1,A191,A201,1
A13,67,A33,A48,5034,A62,A75,4,A92,A101,4,A121,51,A143,A152,2,A173,1,A192,A201,1
A13,28,A31,A43,4956,A61,A73,3,A94,A101,4,A123,24,A143,A152,2,A172,1,A192,A201,0
A11,27,A32,A42,1921,A65,A72,4,A93,A103,2,A122,36,A141,A152,2,A173,1,A192,A201,1
A13,15,A34,A40,608,A61,A72,4,A93,A101,2,A123,63,A143,A152,2,A173,2,A192,A201,1
A14,21,A32,A49,1829,A61,A74,4,A93,A101,4,A123,40,A141,A151,2,A173,2,A191,A201,1
A11,18,A34,A43,5125,A63,A74,4,A93,A101,2,A121,69,A141,A152,1,A172,1,A191,A201,1
A12,30,A32,A48,1603,A64,A75,4,A92,A102,1,A121,57,A143,A152,1,A173,1,A192,A201,1
A14,63,A33,A49,2954,A65,A75,2,A92,A101,4,A123,69,A143,A152,1,A173,1,A192,A201,1
A13,49,A33,A45,1761,A61,A74,4,A93,A101,2,A121,27,A143,A152,2,A173,1,A191,A201,1
A13,20,A32,A45,635,A64,A72,4,A92,A101,4,A121,53,A143,A152,1,A174,1,A191,A201,1
A13,56,A32,A40,1736,A63,A73,2,A93,A101,4,A123,41,A143,A151,1,A172,1,A191,A201,1
A12,11,A32,A49,5107,A61,A75,4,A92,A103,4,A122,30,A143,A153,1,A174,1,A191,A201,1
A12,30,A30,A41,447,A61,A72,4,A93,A101,2,A122,70,A143,A151,2,A173,2,A191,A201,0
A13,49,A32,A410,3647,A61,A72,4,A92,A101,2,A124,42,A143,A151,2,A173,1,A192,A201,1
A14,53,A33,A45,1154,A61,A74,3,A92,A102,4,A121,68,A143,A152,1,A174,1,A191,A201,1
A14,6,A34,A41,4850,A65,A73,2,A93,A101,2,A122,58,A143,A152,1,A173,1,A192,A201,1
A14,67,A34,A42,5278,A62,A75,4,A94,A101,2,A123,27,A143,A152,2,A173,1,A192,A201,0
A12,47,A34,A43,2597,A63,A74,2,A93,A101,3,A123,31,A143,A153,1,A174,1,A192,A201,1
A12,56,A34,A410,2602,A65,A72,4,A93,A102,2,A124,58,A143,A151,1,A173,1,A192,A201,0
A13,27,A33,A44,1563,A61,A75,2,A92,A101,2,A124,72,A143,A152,1,A173,1,A191,A201,1
A13,63,A32,A48,1015,A65,A73,2,A92,A101,4,A123,60,A143,A152,3,A174,1,A192,A201,1
A13,6,A34,A43,11596,A61,A73,3,A92,A101,2,A121,35,A143,A152,1,A173,1,A191,A201,0
A13,23,A33,A410,1492,A65,A73,3,A92,A101,1,A121,25,A143,A152,1,A173,1,A192,A201,1
A14,49,A32,A48,10448,A61,A71,4,A92,A101,4,A122,35,A143,A151,2,A173,1,A191,A201,1
A12,18,A32,A410,1498,A65,A73,4,A92,A101,4,A121,73,A141,A152,1,A173,1,A192,A201,1
A12,28,A32,A49,4537,A61,A72,2,A93,A102,3,A123,68,A143,A152,1,A172,1,A191,A201,1
A11,20,A32,A42,1199,A61,A73,2,A91,A101,1,A123,42,A143,A152,1,A173,1,A191,A201,1
A13,12,A34,A47,4531,A64,A73,4,A93,A101,4,A121,20,A143,A153,2,A172,1,A191,A201,1
A11,41,A32,A40,2297,A61,A75,2,A93,A101,4,A123,53,A143,A152,1,A173,1,A192,A201,1
A12,51,A32,A410,2321,A62,A75,4,A93,A101,4,A121,46,A143,A152,2,A174,2,A191,A201,1
A13,63,A34,A48,4856,A61,A72,4,A93,A101,4,A122,37,A142,A152,3,A173,2,A191,A201,1
A12,66,A32,A48,2048,A63,A73,4,A92,A102,3,A123,51,A142,A152,2,A172,1,A192,A201,1
A13,5,A32,A49,950,A61,A73,4,A92,A101,4,A122,39,A143,A151,2,A173,1,A191,A201,1
A11,14,A31,A41,5481,A61,A72,4,A93,A101,1,A122,71,A143,A152,2,A173,1,A191,A201,0
A11,67,A34,A43,1191,A61,A75,4,A93,A101,4,A121,28,A142,A152,2,A174,2,A191,A201,0
A14,24,A34,A47,4506,A61,A74,2,A92,A101,4,A122,71,A141,A153,2,A173,1,A191,A201,1
A12,21,A32,A46,6492,A61,A72,2,A92,A101,4,A123,64,A141,A152,3,A172,1,A192,A201,1
A11,67,A34,A40,2207,A61,A73,3,A93,A101,2,A124,63,A143,A152,1,A173,1,A191,A201,0
A12,41,A32,A44,7676,A61,A72,4,A92,A101,1,A122,27,A141,A152,1,A173,1,A192,A201,0
A13,35,A34,A46,4382,A61,A74,4,A93,A102,4,A122,56,A141,A152,1,A173,1,A191,A201,1
A11,14,A34,A43,1708,A61,A72,4,A92,A101,4,A123,24,A143,A152,1,A173,1,A192,A201,0
A13,48,A34,A40,9146,A65,A75,2,A92,A101,4,A124,69,A143,A152,2,A173,1,A192,A201,1
A11,36,A30,A48,1195,A61,A75,4,A93,A101,2,A121,71,A143,A152,2,A173,1,A192,A201,0
A11,44,A34,A44,2205,A61,A73,3,A93,A101,2,A122,60,A143,A153,1,A173,1,A191,A201,0
A12,11,A34,A410,2527,A62,A74,1,A92,A101,4,A123,73,A143,A152,1,A173,2,A191,A201,0
A13,14,A32,A41,4837,A61,A75,4,A93,A101,3,A123,53,A143,A151,1,A174,1,A191,A201,1
A13,54,A34,A47,7276,A63,A73,1,A93,A102,4,A121,36,A143,A152,1,A173,1,A192,A201,1
A13,44,A32,A410,6920,A61,A72,4,A93,A101,4,A123,71,A141,A153,2,A173,1,A191,A201,1
A14,20,A34,A41,3565,A61,A73,3,A92,A101,4,A121,37,A143,A153,1,A174,1,A192,A201,1
A12,49,A32,A42,2382,A61,A75,4,A93,A101,4,A123,23,A143,A151,1,A173,1,A191,A201,1
A12,35,A33,A49,691,A62,A74,4,A93,A101,4,A123,43,A142,A152,1,A173,1,A191,A201,1
A13,57,A32,A40,1041,A62,A74,4,A93,A101,3,A124,29,A143,A152,1,A173,1,A191,A201,1
A12,23,A32,A410,12250,A61,A75,4,A93,A101,4,A122,28,A143,A152,3,A174,1,A191,A201,1
A12,36,A32,A41,686,A61,A75,3,A92,A101,2,A121,35,A143,A152,1,A173,1,A192,A201,1
A11,43,A30,A46,1591,A65,A75,4,A93,A101,4,A121,54,A143,A153,2,A173,1,A191,A201,0
A11,35,A32,A49,7447,A61,A72,4,A93,A101,2,A124,44,A143,A152,1,A173,1,A191,A201,0
A14,5,A32,A41,3525,A61,A73,2,A91,A101,4,A121,49,A143,A152,1,A173,1,A191,A201,1
A14,36,A32,A45,6263,A65,A75,4,A93,A101,3,A122,50,A143,A151,1,A173,1,A192,A201,1
A13,33,A32,A42,4602,A63,A75,3,A92,A101,2,A121,39,A143,A151,2,A172,1,A191,A201,1
A12,36,A32,A43,9659,A61,A74,1,A93,A102,4,A123,36,A143,A152,1,A173,1,A191,A201,1
A11,29,A34,A410,3775,A64,A72,4,A92,A101,2,A122,36,A141,A152,1,A172,1,A192,A201,0
A11,25,A31,A47,5068,A65,A75,4,A93,A101,4,A122,19,A143,A152,1,A173,1,A191,A201,0
A11,69,A34,A42,1670,A61,A74,2,A94,A101,4,A122,32,A143,A152,1,A174,1,A191,A201,0
A13,41,A34,A49,4765,A61,A72,4,A93,A101,1,A124,26,A141,A152,1,A172,1,A191,A201,0
A13,49,A33,A45,2171,A61,A73,4,A94,A101,4,A123,20,A143,A152,1,A173,1,A192,A201,1
A13,18,A32,A40,2074,A65,A72,4,A95,A101,2,A123,69,A143,A152,2,A173,2,A192,A201,1
A12,47,A34,A46,6098,A62,A73,2,A91,A101,1,A124,33,A143,A153,1,A173,1,A192,A201,0
A14,52,A32,A47,6132,A61,A71,4,A93,A101,3,A124,52,A141,A152,1,A173,1,A192,A201,1
A13,64,A31,A410,11507,A65,A73,3,A93,A101,4,A122,54,A143,A152,1,A173,1,A192,A201,1
A13,70,A32,A47,10922,A61,A73,4,A93,A101,1,A124,19,A143,A152,4,A174,1,A191,A201,1
A13,9,A34,A42,6209,A61,A74,2,A92,A101,4,A121,69,A143,A152,1,A173,1,A191,A201,1
A12,12,A30,A49,752,A61,A74,1,A95,A101,4,A122,39,A141,A152,2,A173,1,A191,A201,0
A11,9,A32,A40,12863,A61,A75,4,A93,A101,4,A124,60,A143,A151,1,A173,1,A191,A201,1
A12,35,A34,A48,6212,A65,A72,4,A93,A101,1,A121,19,A143,A152,2,A174,1,A192,A201,0
A13,44,A34,A45,1615,A61,A72,2,A92,A101,4,A121,50,A142,A153,1,A173,1,A192,A201,0
A11,11,A32,A410,5340,A65,A75,2,A92,A101,4,A122,38,A143,A152,1,A172,1,A191,A201,1
A11,53,A31,A48,1300,A61,A72,4,A93,A101,4,A123,72,A143,A152,2,A173,1,A191,A202,0
A11,65,A34,A46,4889,A61,A75,1,A91,A101,4,A122,65,A142,A152,2,A173,1,A192,A201,0
A11,65,A32,A40,1040,A65,A75,4,A93,A101,4,A123,54,A143,A153,2,A174,1,A191,A201,1
A14,10,A32,A40,1561,A61,A73,2,A91,A101,1,A124,57,A143,A152,2,A172,2,A191,A201,1
A13,7,A32,A45,5260,A61,A75,2,A93,A101,4,A123,48,A143,A151,1,A173,1,A192,A201,1
A12,9,A34,A44,7032,A61,A72,3,A93,A101,3,A121,25,A143,A152,1,A173,1,A191,A201,0
A11,61,A33,A48,3867,A65,A73,4,A93,A101,3,A124,40,A141,A151,1,A173,1,A192,A201,1
A12,25,A34,A41,2370,A61,A74,3,A93,A101,3,A121,75,A143,A152,2,A173,1,A192,A201,0
A12,29,A34,A47,549,A61,A73,3,A92,A101,3,A121,68,A143,A153,1,A172,1,A191,A201,0
A11,6,A32,A410,2521,A61,A75,4,A92,A101,3,A121,63,A141,A151,2,A172,2,A191,A201,1
A12,44,A32,A44,4567,A61,A72,4,A92,A101,4,A123,28,A143,A152,1,A174,1,A192,A201,1
A12,63,A32,A41,2313,A64,A73,1,A93,A101,1,A121,74,A141,A152,2,A173,2,A191,A201,1
A13,17,A32,A49,2927,A61,A74,3,A93,A101,4,A121,26,A143,A152,1,A173,1,A191,A201,1
A13,15,A32,A410,2569,A61,A74,4,A93,A101,4,A122,45,A143,A152,1,A173,2,A192,A201,1
A11,15,A34,A410,2304,A61,A73,3,A93,A101,4,A122,28,A143,A152,2,A174,1,A191,A201,0
A12,16,A32,A45,3167,A61,A73,2,A93,A101,4,A123,32,A142,A151,1,A173,1,A191,A201,1
A13,28,A34,A49,2396,A65,A75,4,A93,A101,3,A123,64,A143,A151,2,A173,1,A191,A201,1
A12,48,A32,A47,9458,A61,A72,4,A91,A101,3,A123,70,A143,A152,2,A173,1,A191,A201,1
A14,22,A32,A43,510,A65,A75,4,A92,A101,3,A121,72,A143,A152,1,A173,1,A191,A201,1
A13,58,A33,A41,1926,A61,A73,2,A95,A102,3,A121,29,A143,A151,2,A172,1,A191,A201,1
A11,48,A32,A410,1485,A61,A75,2,A93,A101,4,A124,24,A142,A153,2,A172,1,A191,A201,1
A11,11,A33,A44,3552,A65,A74,4,A92,A101,4,A121,39,A143,A153,2,A173,2,A191,A201,1
A13,56,A32,A41,3170,A61,A72,2,A93,A101,1,A124,51,A143,A152,1,A173,1,A192,A201,1
A11,58,A32,A41,10913,A63,A73,4,A93,A101,1,A121,37,A143,A151,1,A173,1,A192,A201,1
A13,35,A32,A45,14198,A65,A75,4,A93,A101,3,A124,57,A143,A152,2,A173,1,A191,A201,1
A14,54,A32,A410,1606,A61,A73,3,A91,A101,1,A122,42,A143,A152,2,A172,1,A191,A201,1
A13,47,A32,A49,2982,A61,A75,4,A92,A101,4,A122,36,A141,A151,1,A172,1,A192,A201,1
A12,21,A33,A48,3487,A63,A73,4,A93,A101,2,A123,53,A143,A151,1,A173,2,A192,A201,1
A13,25,A34,A43,1574,A61,A72,4,A95,A101,4,A123,70,A143,A152,1,A173,1,A192,A201,0
A12,40,A32,A45,4928,A61,A73,2,A93,A101,1,A122,61,A143,A153,1,A173,2,A192,A201,1
A13,59,A34,A46,2461,A61,A75,2,A92,A101,3,A123,55,A143,A152,2,A173,1,A191,A201,1
A14,62,A32,A410,1268,A61,A73,4,A92,A101,4,A123,37,A143,A152,2,A173,1,A191,A201,1
A12,6,A33,A45,2383,A64,A75,2,A93,A102,4,A121,71,A141,A152,1,A173,1,A192,A201,1
A14,31,A31,A47,1341,A61,A75,4,A93,A101,4,A121,42,A143,A152,2,A173,1,A192,A201,1
A14,38,A32,A43,6831,A61,A73,2,A93,A101,4,A122,74,A143,A151,1,A172,1,A191,A201,1
A11,64,A32,A40,13646,A62,A72,4,A93,A101,3,A121,52,A143,A152,2,A172,2,A191,A201,0
A11,57,A32,A46,3625,A61,A74,3,A91,A102,1,A123,40,A143,A152,1,A173,1,A191,A201,1
A11,66,A31,A42,3258,A61,A73,4,A93,A101,4,A121,22,A141,A152,1,A174,1,A191,A201,0
A11,10,A32,A45,3367,A64,A75,2,A93,A101,4,A122,75,A143,A152,2,A173,1,A191,A201,1
A11,52,A32,A41,7675,A61,A73,3,A92,A101,4,A121,28,A143,A152,1,A174,1,A192,A201,0
A13,34,A34,A48,7544,A64,A73,2,A93,A101,1,A123,20,A143,A152,1,A173,1,A192,A201,1
A11,61,A32,A40,2717,A65,A75,4,A92,A101,4,A121,26,A143,A153,1,A173,2,A192,A201,1
A12,64,A32,A45,3648,A61,A73,1,A91,A101,2,A121,51,A143,A152,1,A173,2,A192,A202,1
A14,27,A32,A45,5024,A61,A73,4,A92,A101,4,A121,56,A141,A152,1,A172,1,A191,A201,1
A11,23,A32,A44,1199,A61,A73,4,A92,A101,4,A124,61,A143,A152,1,A172,2,A192,A201,1
A14,40,A32,A44,7864,A61,A73,3,A92,A101,2,A121,46,A143,A152,2,A174,1,A192,A201,1
A12,7,A32,A40,11942,A65,A73,4,A93,A101,4,A123,28,A143,A151,2,A173,1,A191,A201,1
A11,23,A32,A49,7570,A65,A75,1,A93,A101,2,A121,63,A143,A153,1,A172,1,A192,A201,1
A13,63,A30,A44,1100,A61,A73,4,A93,A101,4,A121,19,A143,A151,2,A172,1,A191,A201,1
A13,27,A30,A41,616,A62,A73,4,A92,A101,2,A122,52,A143,A152,1,A174,1,A192,A201,0
A14,53,A32,A46,5255,A65,A74,3,A91,A101,4,A122,21,A141,A152,1,A174,1,A191,A201,1
A13,52,A30,A42,1622,A65,A73,3,A93,A101,1,A124,27,A143,A152,1,A173,1,A191,A201,1
A13,54,A32,A43,3750,A61,A73,2,A93,A101,4,A124,23,A141,A152,1,A172,1,A191,A201,1
A12,39,A32,A42,10179,A61,A75,4,A92,A101,4,A123,60,A143,A152,2,A173,1,A191,A201,1
A11,69,A34,A42,1762,A61,A74,1,A93,A101,4,A123,28,A143,A152,1,A173,2,A191,A201,0
A13,37,A32,A43,2203,A65,A74,4,A93,A101,2,A122,30,A143,A152,2,A173,1,A191,A201,1
A13,39,A32,A44,3719,A61,A74,4,A93,A101,4,A122,36,A143,A153,1,A173,1,A191,A201,1
A14,9,A32,A40,1055,A61,A71,4,A93,A101,2,A124,39,A143,A152,1,A173,1,A191,A201,1
A12,42,A34,A43,1625,A61,A74,2,A92,A101,4,A123,39,A143,A152,2,A173,1,A191,A201,0
A12,45,A32,A410,3040,A61,A73,4,A93,A101,2,A123,19,A143,A152,1,A174,2,A192,A201,1
A13,61,A31,A47,2344,A61,A73,4,A92,A101,4,A121,21,A143,A151,1,A173,2,A192,A201,0
A12,15,A32,A49,4849,A65,A73,4,A93,A101,1,A121,23,A143,A152,1,A173,1,A192,A201,1
A14,6,A32,A46,27249,A61,A72,2,A92,A101,2,A124,43,A143,A152,1,A173,1,A192,A201,1
A14,21,A32,A48,3227,A61,A72,2,A93,A102,2,A122,67,A143,A152,2,A173,1,A191,A201,1
A12,43,A32,A44,1520,A61,A75,2,A92,A101,3,A122,26,A141,A152,1,A173,1,A191,A201,0
A13,24,A34,A49,9270,A61,A73,4,A93,A101,2,A121,35,A143,A151,1,A173,1,A191,A201,1
A13,18,A32,A43,836,A61,A73,2,A93,A101,4,A123,27,A141,A152,2,A173,1,A192,A201,1
A11,29,A33,A47,981,A61,A71,4,A93,A101,4,A121,50,A143,A151,1,A172,2,A192,A201,0
A14,11,A34,A48,1851,A61,A71,2,A93,A101,4,A123,24,A141,A151,1,A172,2,A191,A201,1
A12,45,A32,A46,2377,A61,A74,4,A93,A101,4,A121,67,A141,A152,1,A173,1,A191,A201,1
A14,47,A32,A46,1816,A61,A73,4,A93,A101,1,A124,58,A143,A152,1,A173,1,A192,A201,1
A12,17,A32,A44,2906,A61,A73,4,A93,A101,4,A123,39,A143,A152,1,A173,2,A191,A201,1
A14,5,A32,A43,3713,A65,A73,3,A93,A101,2,A121,25,A143,A152,1,A173,1,A191,A201,1
A12,40,A32,A49,7010,A65,A75,2,A93,A101,4,A123,25,A143,A153,2,A173,1,A192,A201,1
A11,72,A34,A40,3206,A61,A72,1,A94,A101,2,A122,65,A143,A152,1,A173,1,A191,A201,0
A14,41,A34,A49,1901,A61,A72,2,A93,A103,3,A121,57,A143,A151,1,A173,1,A192,A201,0
A11,44,A32,A49,6712,A65,A73,4,A93,A101,3,A124,72,A143,A152,1,A172,1,A191,A201,1
A12,65,A32,A46,1549,A61,A73,4,A93,A101,4,A122,45,A143,A152,1,A173,1,A192,A201,1
A14,63,A34,A40,807,A65,A73,4,A93,A101,1,A122,26,A143,A152,2,A173,1,A192,A201,0
A14,17,A34,A40,7822,A65,A74,3,A93,A101,4,A121,27,A143,A151,1,A172,1,A191,A201,1
A13,5,A34,A44,7431,A61,A74,4,A92,A101,2,A122,46,A142,A151,1,A174,1,A192,A201,1
A13,20,A30,A48,1581,A61,A75,4,A93,A101,4,A124,33,A143,A152,1,A173,1,A192,A201,1
A12,31,A33,A45,2166,A65,A73,4,A95,A101,4,A122,20,A141,A152,1,A173,1,A192,A201,1
A12,69,A31,A42,1431,A61,A72,2,A93,A103,3,A124,25,A143,A152,2,A173,2,A191,A201,0
A12,38,A32,A42,3871,A61,A73,4,A93,A101,4,A124,65,A143,A152,1,A172,1,A191,A201,1
A13,8,A31,A46,11916,A61,A75,4,A91,A101,4,A121,36,A143,A152,1,A172,1,A191,A201,1
A13,68,A32,A45,5230,A61,A74,4,A93,A101,4,A121,40,A143,A152,1,A173,2,A192,A201,1
A13,43,A33,A48,6826,A62,A74,4,A93,A101,4,A124,68,A143,A152,1,A173,1,A192,A201,1
A13,59,A32,A45,5743,A63,A71,3,A93,A101,4,A122,28,A143,A151,1,A173,1,A191,A201,1
A11,39,A32,A44,2980,A65,A73,1,A91,A101,4,A121,72,A143,A152,1,A174,1,A191,A201,1
A12,48,A32,A49,7091,A61,A71,4,A93,A101,1,A121,68,A143,A152,2,A173,1,A192,A201,1
A11,26,A32,A46,5410,A61,A73,4,A93,A101,4,A123,51,A143,A152,1,A172,2,A191,A201,0
A13,50,A32,A40,9429,A61,A75,2,A92,A101,3,A123,25,A143,A151,2,A173,1,A191,A201,1
A12,34,A32,A46,2063,A61,A75,4,A92,A101,1,A121,21,A143,A151,1,A173,1,A191,A201,0
A14,14,A34,A42,742,A61,A73,4,A92,A101,4,A121,32,A143,A152,2,A173,1,A191,A201,1
A12,13,A31,A48,6878,A65,A73,4,A93,A101,3,A124,62,A143,A152,1,A172,1,A192,A201,0
A11,70,A31,A45,3943,A65,A75,2,A92,A101,1,A123,64,A143,A152,2,A173,2,A191,A201,1
A11,17,A32,A48,2352,A61,A74,4,A92,A101,4,A123,54,A143,A152,1,A172,1,A191,A201,1
A13,13,A34,A44,2459,A62,A72,4,A93,A101,4,A123,31,A143,A153,1,A173,1,A192,A201,1
A13,4,A33,A46,23011,A61,A73,4,A92,A101,4,A122,34,A143,A152,2,A173,1,A191,A201,1
A11,8,A33,A43,1783,A61,A73,4,A92,A101,4,A123,34,A143,A151,1,A172,1,A191,A201,1
A11,23,A32,A46,1506,A62,A73,4,A93,A101,4,A122,72,A143,A152,1,A173,2,A192,A201,1
A13,11,A32,A40,3191,A61,A73,4,A93,A101,1,A121,23,A143,A152,1,A173,1,A192,A201,1
A11,46,A30,A46,7664,A65,A74,3,A93,A101,3,A123,70,A143,A152,1,A173,2,A191,A201,1
A14,4,A33,A47,18448,A62,A73,4,A93,A101,4,A122,43,A143,A152,1,A173,1,A191,A201,1
A13,60,A34,A44,5043,A61,A72,4,A93,A101,3,A124,56,A143,A153,1,A173,1,A191,A201,1
A11,67,A32,A41,1078,A64,A73,2,A93,A101,4,A122,56,A141,A152,1,A174,2,A192,A201,1
A11,31,A34,A44,14424,A61,A75,4,A92,A101,4,A124,68,A141,A151,1,A172,1,A191,A201,0
A14,40,A34,A45,2934,A61,A74,4,A92,A101,3,A124,56,A143,A152,1,A174,1,A191,A201,1
A12,50,A32,A41,1525,A61,A73,4,A93,A101,4,A121,57,A143,A151,1,A172,1,A191,A201,1
A12,40,A34,A45,1257,A61,A75,2,A93,A101,4,A123,74,A143,A152,1,A173,1,A192,A201,0
A14,52,A31,A45,5820,A64,A75,4,A93,A101,4,A122,74,A143,A152,2,A173,1,A191,A201,1
A14,47,A32,A40,3608,A61,A72,2,A93,A101,4,A124,66,A143,A152,1,A172,1,A191,A201,1
A14,59,A32,A40,3928,A64,A71,2,A93,A101,4,A122,59,A141,A152,2,A172,1,A191,A201,1
A13,31,A30,A410,8343,A61,A75,4,A92,A101,2,A123,44,A143,A152,2,A173,1,A191,A201,1
A12,9,A32,A49,1569,A61,A75,3,A92,A101,4,A122,31,A143,A152,2,A174,1,A192,A201,1
A11,64,A32,A42,8892,A65,A75,4,A93,A101,4,A121,62,A143,A152,2,A173,1,A192,A201,1
A13,23,A32,A49,1967,A61,A75,2,A93,A101,4,A121,69,A141,A152,2,A173,1,A192,A201,1
A13,5,A32,A49,16834,A61,A74,3,A93,A101,4,A122,44,A143,A153,1,A173,1,A192,A201,1
A12,40,A31,A42,4812,A61,A73,2,A92,A101,4,A123,73,A143,A152,1,A173,1,A191,A201,0
A14,23,A32,A43,1427,A61,A71,4,A93,A101,2,A123,73,A143,A152,1,A173,2,A192,A201,1
A11,29,A32,A41,589,A61,A73,4,A93,A101,4,A123,19,A143,A153,2,A173,1,A191,A201,1
A12,32,A32,A48,5693,A62,A73,4,A92,A101,4,A122,26,A143,A152,2,A172,2,A191,A201,0
A11,4,A34,A49,2209,A61,A74,3,A93,A101,2,A122,22,A142,A152,2,A173,1,A192,A201,0
A12,38,A33,A410,2632,A61,A73,2,A95,A102,2,A121,39,A141,A152,2,A172,1,A192,A201,0
A11,62,A34,A46,5502,A65,A75,4,A92,A101,4,A123,40,A143,A151,2,A172,1,A192,A201,0
A11,72,A33,A46,6689,A61,A73,3,A93,A101,4,A124,69,A143,A153,1,A172,1,A192,A201,1
A11,36,A32,A45,7934,A65,A73,3,A92,A101,4,A122,71,A143,A152,1,A174,1,A192,A201,1
A13,54,A33,A42,1164,A61,A72,4,A93,A102,4,A121,55,A141,A152,1,A174,2,A191,A201,1
A13,15,A32,A45,9327,A61,A73,1,A92,A103,4,A121,67,A143,A152,1,A172,1,A192,A201,1
A13,23,A32,A47,1875,A65,A75,4,A94,A101,4,A123,21,A141,A152,1,A172,1,A192,A201,1
A14,56,A34,A47,490,A61,A74,4,A93,A101,4,A123,37,A141,A151,1,A172,2,A192,A201,1
A12,46,A32,A410,1161,A63,A75,2,A93,A101,1,A123,19,A143,A151,2,A173,1,A192,A201,1
A12,53,A34,A48,3548,A61,A73,2,A93,A101,4,A121,47,A143,A152,1,A172,1,A191,A201,0
A14,32,A34,A40,1362,A61,A73,2,A93,A101,4,A123,41,A141,A151,2,A174,1,A192,A201,1
A11,60,A34,A40,2778,A61,A73,4,A93,A101,4,A123,51,A141,A153,1,A172,2,A191,A201,0
A14,42,A34,A42,3907,A61,A73,4,A93,A101,4,A122,73,A143,A152,1,A172,1,A192,A201,1
A11,59,A32,A42,2578,A65,A75,2,A94,A101,4,A123,70,A143,A152,2,A172,1,A191,A201,1
A14,46,A32,A49,2007,A61,A74,2,A93,A101,2,A121,59,A143,A152,2,A174,1,A191,A201,1
A11,53,A32,A47,1096,A65,A75,4,A94,A101,2,A122,41,A143,A152,1,A174,1,A191,A201,1
A14,26,A32,A49,3033,A65,A72,4,A93,A101,2,A124,23,A143,A152,1,A173,1,A191,A201,1
A12,47,A32,A40,571,A61,A75,3,A93,A101,2,A122,25,A141,A152,1,A173,1,A191,A201,0
A14,41,A33,A41,1721,A61,A71,3,A93,A101,4,A123,75,A141,A153,2,A172,1,A191,A201,1
A11,26,A33,A41,1419,A65,A75,2,A92,A101,2,A123,24,A143,A152,1,A173,1,A191,A201,1
A13,48,A32,A42,2461,A65,A73,4,A91,A101,2,A121,67,A141,A152,1,A173,1,A191,A201,1
A14,55,A32,A45,2513,A61,A73,4,A92,A101,4,A123,40,A143,A152,1,A173,1,A191,A201,1
A12,53,A32,A40,6425,A61,A73,2,A93,A101,4,A122,67,A143,A152,2,A173,1,A191,A201,0
A13,11,A32,A41,10580,A61,A75,4,A93,A101,2,A122,31,A143,A152,2,A173,1,A192,A201,1
A13,4,A34,A40,1218,A62,A71,3,A93,A101,4,A121,30,A143,A152,2,A173,1,A191,A201,1
A12,11,A32,A44,14680,A61,A73,4,A95,A101,4,A122,22,A143,A151,1,A173,2,A191,A202,1
A13,32,A32,A46,1598,A63,A75,2,A92,A101,2,A121,26,A141,A153,2,A173,1,A191,A201,1
A13,8,A30,A47,3422,A61,A73,4,A93,A101,2,A121,55,A143,A152,2,A173,1,A191,A201,1
A14,50,A33,A49,4485,A61,A72,4,A92,A101,4,A122,49,A141,A152,2,A172,1,A192,A201,1
A11,37,A33,A40,21071,A61,A73,4,A91,A101,4,A122,55,A143,A152,1,A173,1,A191,A201,0
A12,68,A32,A46,1931,A61,A73,3,A93,A101,4,A124,63,A143,A152,2,A174,1,A191,A201,1
A14,58,A31,A44,708,A61,A75,2,A93,A101,1,A122,44,A141,A152,2,A173,1,A191,A201,1
A14,46,A32,A49,9821,A61,A75,2,A93,A101,3,A123,61,A143,A152,2,A173,1,A192,A201,1
A12,33,A32,A40,1530,A61,A73,4,A92,A101,4,A123,26,A141,A151,1,A172,1,A192,A201,0
A13,20,A33,A42,2232,A61,A75,2,A93,A102,2,A123,58,A143,A152,1,A173,1,A191,A201,1
A12,29,A32,A46,1219,A61,A73,4,A92,A101,3,A121,51,A143,A151,1,A173,2,A191,A201,0
A11,11,A32,A49,2237,A65,A71,3,A92,A101,4,A124,63,A141,A152,1,A173,1,A191,A201,1
A12,50,A32,A40,1521,A61,A73,3,A91,A101,3,A123,47,A141,A151,1,A173,1,A192,A201,1
A12,49,A34,A46,5121,A61,A73,4,A92,A102,4,A123,23,A143,A152,1,A174,1,A191,A201,0
A13,71,A32,A44,3179,A61,A72,3,A92,A101,4,A122,46,A143,A152,1,A173,1,A191,A201,1
A11,36,A33,A40,1728,A65,A75,2,A92,A101,3,A121,71,A141,A152,2,A173,1,A191,A201,1
A14,4,A32,A40,6612,A61,A75,3,A95,A101,4,A123,58,A143,A152,1,A173,1,A191,A201,1
A14,22,A32,A40,3655,A62,A73,4,A92,A101,1,A121,35,A143,A152,1,A173,1,A191,A201,1
A13,34,A30,A410,680,A63,A74,4,A92,A101,4,A122,73,A141,A151,2,A173,1,A191,A202,1
A12,17,A32,A48,6221,A62,A74,3,A92,A101,2,A121,41,A143,A152,1,A173,1,A191,A201,1
A12,56,A34,A410,3456,A61,A75,4,A93,A101,1,A123,63,A143,A152,1,A173,1,A191,A201,0
A14,51,A32,A42,9068,A62,A75,2,A92,A101,4,A124,27,A143,A151,1,A172,2,A191,A201,1
A13,72,A30,A44,3291,A61,A73,2,A93,A101,4,A122,20,A143,A152,1,A173,1,A191,A201,0
A11,65,A30,A410,1582,A61,A75,1,A95,A101,4,A123,50,A141,A152,1,A173,1,A192,A201,0
A14,69,A32,A49,2531,A63,A73,4,A92,A101,3,A122,69,A143,A151,1,A174,1,A192,A201,1
A14,67,A32,A48,5671,A61,A73,2,A93,A101,2,A122,70,A143,A152,4,A172,1,A192,A201,1
A14,66,A30,A45,1609,A65,A72,2,A91,A101,4,A124,67,A141,A151,1,A173,1,A192,A201,1
A13,36,A34,A48,2095,A61,A72,2,A93,A101,3,A124,49,A141,A152,1,A173,2,A191,A201,1
A13,44,A32,A47,2496,A65,A73,2,A93,A101,3,A123,25,A143,A152,2,A174,1,A191,A201,1
A12,51,A32,A47,1188,A61,A73,4,A92,A101,4,A122,48,A143,A152,1,A173,1,A192,A201,0
A14,16,A34,A40,1627,A61,A71,2,A92,A101,4,A123,21,A143,A153,1,A174,1,A191,A201,1
A14,34,A32,A48,3422,A61,A74,2,A93,A101,4,A121,69,A143,A152,2,A174,1,A191,A201,1
A11,71,A34,A45,7800,A65,A71,4,A93,A101,4,A122,69,A143,A152,1,A173,1,A191,A201,1
A11,7,A32,A48,3841,A61,A74,3,A92,A101,2,A122,74,A143,A152,2,A173,1,A191,A201,1
A12,22,A34,A42,2873,A61,A73,4,A93,A101,4,A123,27,A142,A152,1,A173,1,A192,A201,0
A14,16,A32,A42,1533,A61,A75,4,A93,A103,3,A124,28,A142,A151,2,A172,1,A191,A201,1
A14,26,A34,A45,7159,A62,A73,2,A93,A101,4,A122,64,A143,A151,1,A172,1,A192,A201,1
A11,4,A34,A48,4216,A61,A72,4,A92,A101,4,A121,68,A143,A153,1,A172,1,A191,A201,0
A13,57,A32,A46,1693,A61,A73,2,A93,A101,4,A124,65,A143,A152,2,A173,1,A191,A201,1
A12,18,A34,A42,6117,A61,A75,4,A93,A101,4,A121,44,A143,A152,2,A173,1,A191,A201,1
A14,68,A32,A42,4664,A61,A75,3,A92,A101,4,A123,19,A143,A153,2,A174,1,A191,A201,1
A14,18,A32,A41,1554,A61,A73,2,A93,A101,4,A121,48,A142,A153,1,A173,1,A192,A201,1
A14,24,A32,A48,2748,A61,A73,4,A93,A101,4,A122,75,A143,A152,4,A173,1,A191,A201,1
A12,22,A32,A42,2009,A63,A75,4,A94,A101,4,A124,56,A143,A152,1,A173,2,A191,A201,1
A12,63,A32,A410,24509,A61,A72,4,A92,A101,3,A121,33,A141,A152,1,A173,1,A191,A201,0
A12,36,A32,A44,4561,A61,A74,4,A93,A101,2,A122,43,A143,A151,1,A173,1,A191,A202,1
A11,52,A32,A48,3461,A61,A73,3,A93,A101,3,A122,24,A143,A152,2,A173,1,A191,A201,1
A14,38,A34,A47,4350,A65,A71,2,A94,A101,1,A124,36,A143,A152,2,A173,1,A192,A201,1
A14,47,A34,A41,8985,A65,A73,2,A92,A101,4,A124,19,A143,A153,2,A173,1,A191,A201,0
A14,14,A32,A42,2788,A65,A73,4,A95,A101,4,A121,74,A143,A152,2,A172,2,A192,A201,1
A14,69,A32,A41,1859,A61,A74,3,A93,A101,4,A121,21,A143,A152,2,A173,1,A191,A201,1
A13,49,A32,A47,5857,A61,A75,4,A92,A101,4,A123,35,A143,A152,1,A172,1,A191,A201,1
A13,12,A32,A45,2591,A61,A73,3,A93,A101,4,A122,66,A143,A151,1,A173,1,A191,A201,1
A14,6,A31,A45,1266,A61,A75,3,A95,A101,2,A123,26,A143,A152,2,A173,1,A191,A201,1
A14,29,A32,A48,1083,A61,A71,3,A92,A103,3,A121,67,A143,A152,1,A171,1,A192,A201,1
A11,51,A32,A47,10131,A64,A73,4,A93,A102,3,A121,58,A143,A152,1,A173,1,A192,A202,1
A12,69,A34,A43,3312,A65,A72,4,A93,A101,3,A123,35,A143,A152,1,A173,1,A192,A201,0
A11,31,A32,A43,1860,A65,A75,4,A92,A101,4,A121,43,A143,A151,1,A173,1,A192,A201,1
A14,29,A32,A48,2471,A61,A75,3,A91,A101,4,A124,59,A143,A152,2,A172,1,A191,A201,1
A13,28,A32,A40,5687,A62,A74,4,A92,A101,4,A121,30,A141,A152,1,A173,1,A192,A201,1
A11,15,A32,A41,2357,A61,A75,1,A92,A101,4,A121,47,A143,A152,2,A173,1,A192,A201,1
A13,8,A32,A41,934,A61,A74,4,A93,A101,4,A124,43,A143,A152,1,A174,1,A192,A201,1
A13,51,A33,A45,3868,A63,A75,4,A92,A101,2,A122,69,A143,A151,2,A172,1,A191,A201,1
A12,40,A32,A43,7837,A61,A74,3,A93,A102,4,A123,54,A143,A152,2,A173,1,A191,A201,1
A11,47,A32,A410,7429,A61,A75,4,A93,A101,3,A121,71,A143,A152,2,A174,1,A191,A201,1
A13,18,A34,A49,1905,A61,A73,4,A92,A103,2,A123,72,A143,A152,2,A173,1,A191,A201,1
A12,46,A34,A42,8228,A62,A72,1,A93,A101,1,A123,43,A143,A152,1,A173,1,A191,A201,0
A13,51,A33,A42,3534,A64,A73,4,A93,A101,4,A122,47,A143,A152,1,A174,1,A192,A201,1
A12,49,A32,A42,8045,A61,A72,4,A94,A101,3,A123,29,A143,A151,1,A173,1,A191,A201,0
A14,46,A33,A45,4717,A65,A74,3,A91,A101,2,A123,22,A143,A151,2,A173,2,A191,A201,1
A13,24,A32,A47,882,A61,A73,2,A92,A101,4,A122,32,A143,A152,3,A172,1,A191,A201,1
A13,26,A32,A410,12056,A61,A74,3,A94,A101,4,A123,64,A143,A152,1,A172,1,A192,A201,1
A14,50,A30,A46,3107,A63,A71,4,A94,A101,2,A123,56,A143,A152,2,A173,1,A191,A202,1
A12,18,A32,A43,4728,A62,A72,3,A93,A101,1,A121,35,A143,A152,1,A172,1,A192,A201,1
A11,28,A32,A410,1017,A65,A73,4,A93,A101,4,A122,20,A142,A152,1,A173,1,A192,A201,1
A11,39,A32,A43,4466,A61,A75,3,A92,A101,1,A122,26,A143,A151,2,A172,1,A192,A201,1
A13,54,A34,A410,7203,A62,A73,4,A93,A101,4,A122,54,A141,A153,1,A173,1,A191,A202,0
A13,18,A34,A49,14020,A62,A73,4,A92,A101,4,A123,28,A143,A151,1,A173,1,A191,A201,0
A13,71,A34,A410,9139,A65,A74,4,A92,A101,3,A122,25,A141,A152,2,A173,1,A192,A202,1
A11,24,A32,A410,4644,A61,A74,2,A93,A101,2,A124,54,A143,A152,2,A173,1,A192,A201,1
A11,16,A34,A410,866,A64,A73,3,A92,A101,1,A122,34,A141,A152,1,A174,1,A192,A201,1
A11,22,A32,A41,3313,A61,A73,3,A93,A101,2,A122,32,A143,A152,2,A173,1,A191,A201,1
A12,37,A34,A40,1855,A61,A72,4,A94,A101,2,A123,34,A143,A152,1,A173,2,A191,A201,0
A13,71,A32,A48,3597,A61,A75,4,A92,A101,4,A123,43,A143,A152,1,A174,1,A191,A201,1
A12,55,A34,A41,1126,A61,A72,2,A95,A101,2,A123,59,A141,A152,2,A172,1,A192,A202,0
A12,30,A32,A47,2519,A61,A73,2,A95,A101,4,A121,22,A143,A151,1,A173,1,A192,A201,0
A14,32,A34,A48,1970,A65,A71,4,A93,A101,4,A122,47,A143,A152,1,A172,1,A191,A201,1
A12,31,A34,A43,1922,A61,A72,2,A92,A103,2,A121,74,A143,A152,1,A172,1,A191,A201,0
A12,38,A32,A47,1937,A62,A75,4,A92,A101,1,A124,24,A143,A152,2,A174,2,A191,A201,1
A13,11,A32,A48,2673,A61,A72,4,A93,A101,1,A122,19,A143,A151,1,A173,1,A192,A201,1
A12,19,A34,A49,3747,A61,A72,4,A92,A101,1,A124,57,A143,A152,1,A173,1,A191,A201,0
A13,39,A32,A49,403,A61,A73,2,A92,A101,4,A123,19,A141,A151,1,A173,1,A191,A201,1
A14,33,A34,A44,445,A61,A71,2,A95,A102,3,A122,69,A141,A153,1,A173,1,A191,A201,0
A14,21,A32,A46,2273,A61,A72,4,A92,A101,4,A123,58,A143,A152,1,A174,1,A191,A201,1
A11,5,A32,A49,2544,A61,A75,4,A93,A101,3,A124,75,A143,A152,1,A173,2,A192,A201,1
A14,52,A32,A43,3467,A61,A75,3,A91,A101,3,A124,21,A142,A153,2,A173,1,A192,A202,1
A12,7,A32,A40,1665,A61,A75,3,A93,A101,4,A121,19,A143,A152,2,A173,1,A192,A201,1
A11,10,A34,A42,3003,A61,A75,4,A94,A101,4,A122,19,A141,A152,2,A174,2,A192,A201,0
A12,42,A32,A44,3298,A61,A74,4,A92,A101,2,A122,57,A143,A152,1,A173,1,A191,A201,1
A14,16,A32,A42,1656,A61,A71,4,A92,A101,1,A121,39,A143,A152,1,A173,1,A192,A201,1
A12,34,A32,A410,6706,A65,A75,4,A93,A101,4,A123,63,A143,A152,1,A173,1,A192,A201,1
A12,66,A32,A46,3434,A65,A75,1,A93,A101,3,A124,48,A143,A152,1,A172,1,A192,A201,1
A13,59,A34,A48,4617,A63,A75,2,A93,A101,3,A122,50,A143,A152,1,A172,1,A191,A201,1
A11,45,A34,A45,3149,A61,A73,4,A92,A101,4,A123,51,A143,A152,2,A173,1,A192,A201,0
A11,64,A32,A49,16041,A64,A73,4,A92,A101,4,A123,66,A141,A151,1,A174,1,A192,A201,1
A11,45,A34,A40,4803,A65,A75,3,A94,A101,4,A122,40,A143,A152,1,A173,1,A191,A201,1
A11,59,A34,A46,2017,A64,A74,2,A94,A101,4,A121,48,A143,A152,1,A173,1,A191,A201,0
A11,39,A32,A42,5748,A61,A75,4,A93,A101,4,A123,72,A143,A152,1,A173,1,A192,A201,1
A11,71,A34,A44,804,A62,A72,2,A93,A101,4,A124,64,A143,A152,2,A173,1,A192,A201,0
A13,10,A32,A49,3280,A65,A72,3,A93,A101,4,A123,22,A143,A152,1,A174,1,A191,A201,1
A11,57,A32,A43,3848,A61,A72,4,A93,A101,4,A121,41,A143,A152,2,A173,1,A191,A201,0
A12,4,A34,A49,3310,A62,A75,4,A92,A102,4,A121,73,A142,A152,1,A172,1,A191,A201,0
A14,47,A32,A44,2282,A61,A72,4,A93,A101,3,A121,62,A143,A151,2,A172,2,A191,A202,1
A12,48,A34,A44,1326,A61,A72,3,A93,A101,3,A123,43,A143,A153,1,A174,1,A192,A201,0
A13,50,A34,A45,1585,A61,A75,4,A91,A101,4,A123,30,A143,A152,2,A174,1,A191,A201,0
A11,16,A31,A49,3234,A62,A71,4,A93,A101,4,A121,35,A143,A152,1,A173,1,A191,A201,0
A11,25,A34,A49,1223,A61,A75,4,A93,A101,1,A123,71,A143,A152,1,A172,1,A192,A201,0
A11,24,A32,A410,12284,A61,A73,4,A93,A103,4,A123,33,A141,A152,1,A173,1,A191,A201,0
A11,12,A32,A45,360,A61,A75,2,A93,A102,1,A123,28,A143,A151,1,A173,1,A192,A201,1
A12,29,A33,A47,2301,A61,A73,2,A93,A101,4,A124,53,A143,A151,1,A173,1,A191,A201,1
A11,12,A34,A47,3256,A61,A75,2,A91,A102,4,A121,73,A143,A151,1,A174,1,A192,A201,0
A11,18,A30,A410,4473,A62,A75,2,A93,A101,4,A124,70,A143,A152,1,A173,2,A192,A201,1
A11,13,A32,A48,1432,A64,A71,4,A93,A101,1,A121,70,A143,A152,1,A174,1,A191,A201,1
A12,45,A33,A47,7386,A61,A72,4,A93,A101,4,A122,47,A143,A152,2,A173,1,A192,A201,0
A11,27,A34,A410,977,A61,A73,4,A92,A101,3,A124,30,A143,A151,1,A173,1,A192,A201,0
A12,52,A33,A41,1895,A61,A74,4,A92,A101,3,A124,19,A141,A152,1,A173,1,A192,A201,0
A12,29,A32,A49,4898,A65,A75,3,A93,A101,1,A122,19,A143,A152,2,A173,1,A191,A201,1
A13,40,A32,A410,6851,A61,A73,3,A93,A101,4,A123,28,A142,A152,2,A173,1,A191,A201,1
A11,71,A32,A40,969,A61,A74,3,A93,A101,4,A123,36,A143,A153,2,A172,1,A191,A201,1
A13,53,A34,A49,24736,A61,A72,2,A93,A101,1,A123,65,A141,A152,2,A173,1,A191,A201,1
A13,27,A32,A41,1453,A62,A75,2,A93,A101,4,A121,20,A143,A152,1,A173,1,A191,A201,1
A11,22,A32,A41,1043,A65,A75,4,A93,A101,4,A123,67,A143,A152,4,A173,1,A191,A201,1
A14,63,A34,A42,4456,A65,A73,4,A93,A101,4,A122,26,A143,A152,1,A172,1,A192,A201,1
A14,42,A30,A49,2256,A62,A73,2,A93,A101,4,A122,40,A143,A151,1,A173,1,A191,A201,0
A11,21,A34,A46,2004,A61,A72,1,A93,A101,3,A122,40,A143,A152,2,A172,1,A192,A201,0
A12,22,A33,A41,4800,A61,A73,4,A93,A101,4,A122,44,A143,A152,1,A173,1,A192,A201,1
A13,39,A34,A40,878,A61,A73,2,A93,A101,4,A124,44,A143,A151,1,A173,1,A191,A202,1
A13,58,A32,A45,763,A61,A72,4,A93,A101,2,A123,27,A141,A152,1,A173,1,A191,A201,1
A11,72,A30,A48,1848,A61,A73,4,A92,A103,2,A124,39,A143,A152,1,A173,1,A192,A201,0
A11,50,A34,A42,7060,A61,A73,4,A94,A101,3,A121,49,A143,A152,1,A173,1,A191,A201,0
A12,52,A34,A45,1913,A61,A73,3,A92,A102,3,A123,70,A141,A152,1,A173,1,A191,A202,0
A12,36,A34,A42,10714,A65,A74,4,A93,A101,4,A123,61,A141,A152,1,A173,1,A192,A201,0
A13,24,A32,A40,7791,A62,A71,4,A93,A101,4,A123,24,A143,A152,1,A172,1,A191,A201,1
A12,25,A34,A44,3738,A65,A75,4,A93,A101,4,A123,74,A141,A151,1,A173,1,A192,A201,1
A12,51,A34,A49,3911,A63,A74,4,A93,A101,4,A123,32,A143,A153,1,A173,1,A192,A201,1
A13,40,A33,A410,3735,A61,A73,2,A92,A101,1,A124,51,A143,A151,2,A173,1,A191,A201,1
A11,18,A34,A43,3387,A63,A71,4,A93,A101,4,A123,25,A143,A152,1,A173,1,A192,A201,0
A11,38,A34,A46,2223,A61,A75,4,A93,A101,2,A121,42,A142,A151,2,A174,1,A191,A201,0
A13,35,A32,A45,2440,A62,A75,4,A93,A101,4,A124,27,A143,A152,1,A173,1,A192,A201,1
A14,14,A31,A49,1266,A61,A73,4,A92,A101,1,A122,29,A143,A151,1,A173,1,A192,A201,1
A12,13,A32,A46,508,A65,A73,4,A93,A101,4,A121,74,A143,A151,1,A174,1,A191,A201,1
A12,60,A31,A44,7210,A61,A72,2,A93,A101,1,A124,41,A141,A151,1,A173,1,A191,A201,0
A11,28,A32,A43,3380,A61,A74,4,A93,A101,2,A122,66,A143,A152,1,A171,1,A192,A201,1
A12,5,A32,A46,2995,A65,A72,4,A93,A101,1,A123,69,A143,A152,1,A174,2,A191,A201,1
A12,67,A31,A46,4100,A61,A73,4,A93,A101,4,A121,20,A143,A151,1,A173,1,A192,A201,0
A11,38,A32,A45,1536,A62,A74,4,A94,A101,4,A121,33,A143,A153,1,A173,1,A191,A201,1
A11,10,A32,A47,1338,A63,A73,2,A93,A101,3,A122,53,A141,A152,2,A173,1,A191,A201,1
A12,21,A34,A43,2375,A65,A73,4,A93,A101,4,A121,54,A143,A152,2,A173,1,A191,A201,1
A11,70,A34,A49,8905,A65,A73,1,A92,A101,4,A123,70,A143,A152,1,A173,1,A192,A201,0
A12,45,A31,A44,1170,A65,A73,3,A93,A101,4,A121,72,A143,A152,2,A172,1,A192,A201,1
A11,42,A34,A43,364,A61,A71,4,A93,A101,4,A122,46,A143,A152,2,A172,2,A191,A201,0
A12,44,A32,A40,1964,A65,A72,2,A92,A101,2,A121,57,A143,A152,1,A173,1,A192,A201,1
A11,27,A32,A47,7436,A62,A75,4,A92,A101,3,A122,62,A143,A152,2,A173,1,A192,A201,1
A14,63,A31,A40,745,A62,A72,1,A93,A101,4,A123,22,A141,A152,3,A174,1,A191,A201,0
A13,49,A32,A44,1159,A61,A74,2,A92,A101,4,A121,28,A143,A152,1,A173,1,A191,A201,1
A13,22,A34,A45,3680,A62,A75,4,A93,A101,4,A123,24,A143,A151,2,A172,2,A191,A201,1
A13,71,A33,A45,23293,A65,A73,4,A92,A101,4,A124,75,A143,A152,2,A173,1,A191,A201,1
A12,45,A31,A44,1005,A65,A73,4,A92,A101,1,A123,48,A143,A151,1,A173,1,A191,A201,1
A11,35,A31,A42,975,A61,A73,4,A92,A101,4,A123,72,A143,A152,1,A172,1,A192,A201,0
A12,42,A32,A44,3908,A61,A75,4,A92,A101,3,A121,64,A142,A151,2,A173,1,A192,A201,1
A13,39,A32,A47,7814,A61,A75,3,A93,A101,4,A121,53,A143,A152,2,A174,1,A191,A201,1
A13,39,A32,A41,1809,A65,A74,1,A93,A101,4,A124,67,A143,A152,1,A173,2,A191,A201,1
A12,6,A32,A45,814,A63,A72,2,A92,A101,4,A123,61,A143,A152,1,A173,1,A191,A201,1
A11,11,A34,A48,4217,A61,A74,4,A93,A102,4,A123,28,A143,A152,2,A173,1,A192,A201,0
A12,44,A34,A47,4874,A61,A73,4,A93,A101,3,A123,71,A143,A152,1,A171,2,A191,A201,0
A12,71,A32,A410,12368,A61,A73,3,A93,A101,1,A122,50,A143,A152,2,A172,1,A192,A202,0
A13,16,A34,A47,5041,A61,A71,4,A93,A101,4,A121,60,A143,A152,1,A173,1,A191,A201,1
A13,52,A32,A47,5781,A65,A72,4,A93,A101,4,A123,60,A141,A151,1,A174,1,A192,A201,1
A12,63,A32,A46,2417,A62,A75,2,A93,A101,2,A123,21,A143,A153,1,A172,1,A191,A201,0
A14,5,A32,A47,21019,A61,A73,2,A93,A101,4,A122,74,A143,A152,1,A173,1,A191,A201,1
A13,63,A33,A45,2167,A61,A73,4,A91,A101,4,A124,44,A143,A153,1,A174,2,A191,A201,1
A11,8,A34,A41,1827,A61,A73,4,A93,A101,3,A122,33,A143,A151,1,A172,1,A191,A201,0
A11,47,A32,A41,12677,A65,A75,4,A93,A101,2,A122,35,A143,A152,2,A172,1,A192,A201,1
A11,30,A32,A47,916,A61,A75,2,A93,A101,4,A124,45,A143,A151,1,A174,1,A191,A201,1
A11,35,A33,A410,679,A61,A73,4,A93,A101,4,A123,36,A141,A152,2,A173,1,A191,A201,1
A11,24,A32,A40,3280,A61,A72,2,A93,A101,4,A123,69,A141,A152,1,A172,1,A192,A201,0
A11,11,A34,A45,2976,A62,A73,1,A92,A101,4,A121,37,A143,A152,1,A173,1,A191,A201,0
A12,53,A32,A45,2484,A62,A75,4,A93,A101,1,A121,30,A143,A152,1,A172,1,A191,A201,1
A11,70,A32,A410,6602,A63,A74,3,A93,A101,4,A123,42,A143,A152,1,A173,1,A192,A201,1
A14,47,A32,A43,1441,A61,A73,4,A93,A101,2,A122,23,A143,A152,3,A173,1,A192,A201,1
A11,61,A33,A410,3137,A61,A74,2,A93,A101,2,A123,42,A143,A152,2,A173,1,A191,A201,1
A12,6,A31,A410,2234,A61,A73,4,A93,A101,4,A124,45,A143,A152,1,A173,1,A192,A201,0
A12,5,A33,A49,1461,A62,A75,4,A92,A101,4,A123,66,A143,A152,2,A173,1,A192,A201,1
A14,47,A32,A42,2837,A61,A73,3,A93,A101,3,A122,48,A142,A152,1,A172,2,A191,A201,1
A11,5,A34,A410,5896,A61,A72,4,A93,A101,2,A123,33,A143,A153,1,A171,1,A192,A201,0
A12,38,A34,A42,16259,A65,A72,2,A93,A101,4,A122,65,A143,A152,1,A173,1,A192,A201,0
A14,33,A34,A40,4738,A65,A73,4,A92,A101,4,A121,56,A143,A153,2,A173,1,A192,A201,1
A14,11,A32,A42,399,A61,A75,3,A93,A101,4,A121,62,A143,A151,1,A173,1,A192,A201,1
A14,25,A32,A43,2891,A61,A73,2,A93,A101,4,A122,52,A141,A152,2,A173,1,A191,A201,1
A11,47,A32,A410,3102,A61,A75,3,A93,A101,4,A124,45,A143,A151,1,A173,1,A191,A201,1
A11,61,A34,A410,6304,A62,A75,2,A94,A101,4,A121,38,A143,A151,1,A173,1,A191,A201,0
A13,39,A32,A44,3455,A65,A73,4,A95,A101,2,A121,59,A143,A152,4,A173,1,A191,A201,1
A14,72,A32,A42,8123,A61,A71,3,A92,A101,3,A124,50,A143,A153,1,A173,2,A191,A201,1
A13,34,A32,A45,4077,A61,A72,2,A92,A103,3,A121,22,A143,A152,2,A172,1,A192,A201,1
A13,50,A32,A410,10373,A65,A74,4,A94,A101,4,A123,23,A143,A153,2,A173,1,A191,A201,1
A12,58,A33,A44,2098,A65,A72,3,A94,A101,4,A122,71,A143,A152,2,A173,1,A191,A201,1
A13,65,A31,A42,3345,A61,A73,4,A92,A102,4,A121,26,A143,A151,1,A173,1,A192,A201,0
A11,33,A34,A45,5775,A61,A73,4,A91,A101,2,A124,40,A143,A152,1,A174,1,A192,A201,0
A12,58,A32,A45,1886,A61,A74,3,A92,A101,2,A121,60,A143,A152,2,A174,1,A192,A201,1
A12,19,A30,A47,1584,A61,A72,4,A95,A101,3,A123,25,A143,A151,1,A173,1,A191,A201,0
A12,15,A32,A41,1801,A65,A73,4,A92,A101,2,A121,40,A141,A153,1,A172,1,A192,A201,1
A11,20,A31,A40,1637,A65,A73,2,A93,A101,4,A121,64,A143,A152,1,A173,1,A192,A201,0
A11,19,A32,A43,4528,A64,A73,4,A93,A101,4,A121,48,A143,A153,1,A172,1,A191,A201,1
A13,15,A33,A46,686,A61,A75,4,A91,A101,4,A121,55,A143,A152,1,A173,1,A191,A201,1
A12,11,A31,A410,858,A65,A72,4,A93,A101,4,A121,34,A143,A152,1,A174,1,A192,A201,0
A13,6,A34,A49,13229,A61,A75,4,A92,A101,4,A123,33,A143,A152,1,A173,2,A191,A201,1
A11,19,A30,A42,1668,A61,A74,4,A93,A101,4,A122,23,A141,A152,1,A173,1,A191,A201,0
A12,33,A32,A42,3498,A61,A73,4,A92,A101,2,A122,21,A143,A152,1,A172,1,A191,A201,0
A12,26,A34,A44,905,A61,A74,4,A93,A101,4,A122,41,A143,A153,2,A173,1,A191,A201,0
A11,8,A32,A44,3214,A64,A73,4,A93,A101,4,A124,28,A143,A152,2,A173,1,A191,A201,1
A12,68,A32,A49,1677,A61,A72,4,A92,A101,4,A124,23,A143,A151,1,A173,1,A191,A201,1
A11,33,A32,A42,853,A61,A74,3,A91,A101,2,A123,41,A143,A151,1,A172,1,A191,A201,1
A11,24,A32,A48,8686,A61,A73,4,A93,A101,3,A124,33,A143,A152,1,A173,1,A191,A201,0
A14,25,A34,A43,7677,A61,A74,4,A92,A101,3,A122,36,A143,A152,1,A174,1,A192,A201,1
A12,35,A32,A42,2735,A61,A73,1,A93,A101,4,A122,43,A143,A152,2,A173,1,A192,A201,0
A13,36,A34,A410,6631,A61,A75,3,A93,A102,3,A123,26,A141,A151,2,A174,1,A191,A201,0
A11,19,A34,A41,13665,A65,A74,4,A93,A101,4,A123,49,A143,A152,2,A173,1,A192,A201,1
A13,41,A32,A49,5449,A61,A72,2,A93,A101,4,A122,39,A143,A152,1,A173,1,A191,A201,1
A13,17,A34,A410,4375,A61,A73,1,A93,A101,2,A122,20,A141,A152,1,A172,1,A191,A201,0
A13,39,A32,A48,3495,A61,A75,4,A93,A101,4,A124,40,A143,A152,1,A173,2,A192,A201,1
A12,26,A34,A43,5012,A65,A75,3,A93,A101,4,A123,26,A143,A152,1,A173,2,A191,A201,1
A12,69,A31,A42,2228,A61,A73,3,A92,A101,4,A122,41,A143,A151,1,A174,1,A191,A201,0
A12,5,A33,A46,2389,A61,A75,2,A92,A101,4,A123,50,A141,A152,1,A173,1,A191,A201,1
A14,68,A32,A47,4275,A61,A73,2,A93,A101,2,A121,26,A143,A153,1,A172,1,A192,A201,1
A14,70,A32,A410,2040,A61,A73,4,A93,A101,1,A121,22,A143,A152,1,A173,1,A191,A201,1
A14,55,A33,A41,2224,A61,A75,4,A93,A101,4,A122,48,A142,A152,1,A172,2,A191,A201,1
A11,65,A33,A46,2981,A63,A75,2,A92,A101,4,A122,37,A143,A152,1,A173,1,A192,A201,1
A13,26,A30,A44,7483,A62,A74,3,A93,A101,4,A121,41,A142,A152,4,A173,1,A191,A201,1
A14,29,A32,A410,1204,A61,A75,4,A92,A101,4,A123,36,A143,A152,1,A173,2,A191,A201,1
A11,71,A34,A44,5471,A63,A72,2,A92,A101,4,A122,71,A143,A152,1,A173,1,A191,A201,0
A11,58,A33,A42,5616,A62,A75,2,A93,A101,4,A123,47,A141,A151,1,A173,1,A191,A201,1
A13,9,A34,A44,5589,A61,A73,2,A92,A101,4,A121,41,A142,A153,2,A173,1,A191,A201,0
A13,38,A34,A41,1563,A61,A72,4,A93,A101,4,A121,51,A143,A151,1,A173,1,A192,A201,0
A14,25,A34,A43,769,A61,A73,4,A93,A101,3,A124,70,A143,A152,2,A174,1,A192,A201,0
A11,46,A33,A45,4664,A61,A73,4,A93,A101,4,A123,65,A141,A153,1,A172,1,A191,A201,1
A13,18,A32,A40,3463,A62,A73,4,A93,A102,3,A124,36,A143,A152,2,A172,1,A191,A201,1
A11,63,A32,A49,6657,A65,A73,4,A92,A101,4,A124,72,A142,A151,1,A173,1,A191,A201,1
A11,15,A34,A43,1702,A65,A72,4,A92,A101,3,A122,62,A142,A152,1,A172,2,A191,A201,0
A11,52,A33,A45,5475,A62,A73,4,A93,A101,4,A122,51,A143,A152,1,A173,1,A191,A201,1
A14,45,A31,A48,6929,A61,A74,1,A93,A101,4,A124,25,A143,A152,1,A174,1,A191,A201,1
A13,41,A32,A410,2762,A61,A73,4,A93,A101,1,A124,69,A143,A152,2,A173,1,A191,A201,1
A12,48,A34,A410,4161,A65,A73,4,A91,A101,4,A123,46,A142,A152,2,A173,1,A191,A201,0
A12,38,A32,A41,4046,A61,A75,4,A93,A101,3,A123,19,A141,A152,1,A173,1,A191,A201,1
A14,33,A32,A410,1545,A62,A75,3,A93,A101,4,A123,74,A143,A153,3,A172,1,A191,A201,1
A12,33,A32,A46,4559,A64,A75,2,A93,A101,2,A122,57,A141,A152,1,A173,1,A191,A201,1
A14,9,A32,A45,10916,A63,A73,4,A93,A101,1,A123,52,A143,A152,3,A173,1,A191,A201,1
A12,70,A32,A41,3034,A65,A75,4,A92,A101,2,A123,57,A143,A152,1,A174,1,A192,A201,1
A12,10,A32,A47,926,A61,A72,4,A92,A101,4,A123,37,A143,A152,2,A173,2,A191,A201,1
A12,55,A31,A46,1720,A63,A72,3,A93,A101,1,A121,49,A143,A152,1,A173,1,A191,A201,0
A12,17,A34,A410,717,A65,A73,4,A94,A101,4,A122,31,A143,A152,1,A174,2,A191,A201,0
A13,18,A32,A44,8368,A61,A75,4,A92,A101,2,A121,75,A143,A152,1,A173,1,A191,A201,1
A12,24,A34,A44,5493,A62,A73,4,A93,A101,2,A121,42,A143,A152,1,A174,1,A192,A201,0
A11,38,A34,A46,1996,A61,A72,4,A92,A101,2,A124,23,A141,A152,1,A173,2,A192,A201,0
A14,69,A32,A48,958,A65,A72,4,A92,A101,1,A121,41,A143,A152,1,A173,1,A191,A201,1
A12,5,A33,A410,1530,A61,A75,4,A92,A101,4,A121,37,A142,A152,4,A173,1,A192,A201,1
A13,38,A32,A48,1788,A61,A74,4,A92,A102,4,A122,19,A143,A152,3,A173,1,A191,A202,1
A14,23,A34,A48,3253,A61,A73,4,A93,A101,4,A123,51,A143,A152,3,A172,1,A191,A201,1
A13,13,A32,A45,3167,A63,A73,2,A93,A101,2,A123,68,A143,A151,3,A173,1,A191,A201,1
A11,28,A33,A49,8718,A61,A73,2,A92,A101,2,A121,74,A143,A152,2,A173,1,A192,A201,1
A14,69,A32,A45,1712,A61,A74,4,A91,A101,4,A121,51,A143,A152,3,A174,1,A191,A201,1
A13,28,A32,A42,891,A61,A73,4,A93,A101,4,A121,50,A143,A152,2,A174,1,A192,A201,1
A12,57,A32,A40,1181,A65,A75,4,A92,A101,2,A122,46,A143,A152,1,A174,1,A191,A201,1
A11,36,A33,A46,2926,A61,A73,4,A93,A101,4,A121,55,A141,A153,2,A172,1,A191,A201,0
A13,39,A34,A43,1664,A61,A74,2,A92,A101,3,A124,59,A143,A152,2,A173,1,A192,A201,1
A13,17,A32,A40,2359,A64,A71,4,A93,A101,2,A122,30,A143,A152,2,A173,1,A192,A201,1
A12,68,A33,A47,2073,A61,A73,4,A92,A101,3,A121,27,A143,A151,1,A174,1,A192,A201,0
A14,57,A32,A45,6582,A65,A73,3,A92,A101,1,A123,68,A143,A152,1,A173,1,A192,A201,1
A13,55,A34,A45,1863,A61,A73,3,A92,A101,4,A122,73,A143,A152,2,A172,1,A191,A201,1
A11,6,A32,A41,2204,A62,A72,4,A92,A101,2,A123,29,A141,A151,2,A174,1,A191,A201,0
A12,44,A34,A40,5291,A61,A75,2,A93,A103,4,A121,51,A143,A152,1,A173,2,A191,A201,0
A11,9,A32,A41,1896,A61,A72,4,A93,A101,1,A123,37,A143,A152,1,A173,1,A191,A201,1
A13,28,A32,A43,4182,A62,A74,2,A92,A101,4,A123,72,A143,A153,1,A173,1,A192,A201,1
A11,16,A31,A41,3886,A61,A75,4,A91,A101,2,A124,75,A143,A152,1,A173,1,A192,A201,0
A13,11,A32,A40,3338,A64,A73,4,A93,A101,4,A121,60,A143,A152,1,A173,1,A192,A201,1
A13,24,A32,A46,1202,A61,A75,4,A93,A101,4,A122,52,A143,A153,1,A173,1,A191,A201,1
A14,71,A32,A410,7973,A61,A74,3,A95,A101,4,A122,25,A143,A152,3,A173,1,A192,A201,1
A12,28,A34,A410,17615,A61,A73,4,A93,A101,4,A124,49,A143,A152,2,A171,1,A192,A201,0
A14,71,A30,A47,3002,A65,A75,3,A93,A101,4,A124,70,A141,A152,1,A173,1,A191,A201,1
A11,48,A32,A45,1290,A61,A73,2,A93,A101,3,A121,20,A143,A152,2,A173,1,A191,A201,0
A14,63,A32,A43,3051,A61,A74,4,A94,A101,2,A121,37,A141,A152,1,A173,1,A192,A201,1
A11,15,A30,A45,6580,A61,A75,4,A93,A101,3,A122,56,A141,A151,1,A173,1,A191,A201,0
A12,35,A32,A42,1822,A61,A73,4,A92,A101,2,A121,50,A143,A151,1,A173,1,A192,A201,1
A13,16,A32,A47,2688,A61,A73,3,A92,A101,4,A122,28,A142,A153,2,A173,1,A191,A201,1
A11,34,A32,A49,3914,A65,A73,1,A92,A101,1,A121,59,A141,A152,2,A173,1,A191,A201,1
A11,23,A32,A41,7804,A61,A75,1,A93,A101,4,A123,26,A143,A152,2,A173,1,A191,A201,1
A13,21,A32,A44,5543,A65,A75,4,A93,A101,4,A124,44,A143,A152,1,A173,1,A191,A201,1
A13,63,A32,A40,5730,A61,A73,4,A93,A101,4,A124,48,A143,A151,1,A173,1,A191,A201,1
A13,66,A30,A45,2119,A62,A74,4,A92,A101,4,A122,29,A141,A152,1,A173,1,A191,A201,0
A13,9,A32,A41,4111,A65,A75,4,A93,A101,1,A123,59,A143,A152,2,A172,1,A192,A201,1
A13,35,A34,A43,1673,A61,A72,1,A93,A101,4,A124,38,A143,A152,2,A174,2,A192,A201,0
A11,46,A32,A45,5863,A65,A73,3,A92,A101,2,A121,38,A143,A151,1,A173,1,A191,A201,1
A12,5,A33,A49,7487,A61,A74,2,A93,A101,4,A123,27,A143,A152,1,A173,1,A191,A202,1
A11,63,A32,A410,4641,A65,A75,4,A93,A101,4,A122,26,A143,A152,2,A173,1,A191,A201,1
A14,26,A34,A47,2221,A62,A75,2,A93,A101,4,A121,33,A141,A152,2,A174,1,A192,A201,0
A13,34,A34,A47,2532,A61,A73,4,A93,A101,1,A122,52,A143,A152,1,A173,1,A191,A201,0
A12,8,A32,A410,12647,A61,A72,2,A93,A101,2,A121,42,A143,A152,2,A173,1,A191,A201,1
A12,37,A34,A45,2251,A61,A73,4,A93,A101,2,A123,51,A143,A152,1,A172,1,A191,A201,0
A14,13,A32,A43,6904,A61,A73,3,A93,A101,1,A121,59,A143,A152,1,A173,1,A192,A201,1
A11,5,A30,A47,3909,A61,A73,4,A93,A101,2,A122,59,A141,A152,1,A174,2,A191,A201,0
A13,14,A34,A47,2281,A61,A75,4,A92,A101,4,A121,63,A143,A152,1,A173,1,A192,A201,1
A12,53,A34,A49,1016,A61,A72,4,A93,A101,2,A124,58,A141,A152,1,A173,1,A192,A201,0
A13,34,A32,A40,3530,A64,A75,1,A92,A101,4,A122,45,A143,A153,1,A174,1,A191,A201,1
A11,59,A32,A43,3206,A61,A73,4,A93,A101,4,A123,39,A143,A151,1,A173,1,A191,A201,1
A14,12,A30,A43,12647,A61,A74,4,A93,A101,4,A123,23,A143,A151,1,A173,1,A191,A201,1
A14,24,A32,A46,1497,A62,A72,2,A93,A103,3,A122,53,A143,A152,1,A173,1,A191,A201,1
A13,31,A34,A410,18691,A61,A73,2,A93,A101,3,A121,39,A143,A152,1,A173,1,A191,A201,1
A13,65,A32,A46,4036,A61,A72,3,A92,A101,3,A123,22,A143,A152,2,A173,1,A191,A201,1
A14,10,A32,A410,4032,A61,A75,4,A92,A101,2,A121,67,A141,A152,1,A174,1,A192,A201,1
A13,19,A32,A47,1854,A65,A75,4,A92,A101,4,A121,66,A143,A153,1,A173,1,A191,A201,1
A11,7,A30,A410,3834,A65,A73,4,A92,A101,3,A123,34,A143,A152,3,A173,2,A191,A201,1
A13,7,A32,A44,4352,A61,A72,2,A93,A101,4,A121,75,A143,A152,1,A172,1,A191,A201,1
A13,43,A33,A46,6309,A62,A75,1,A92,A101,4,A122,49,A143,A151,2,A173,1,A191,A202,1
A12,20,A34,A47,1362,A61,A73,4,A93,A101,4,A122,44,A143,A152,1,A173,1,A191,A201,0
A13,55,A34,A48,9185,A62,A72,2,A93,A101,3,A122,70,A143,A152,2,A173,1,A191,A201,0
A14,55,A30,A42,3980,A62,A73,4,A95,A101,2,A123,53,A141,A152,2,A173,1,A191,A201,0
A14,39,A34,A42,4849,A62,A75,4,A93,A101,4,A123,24,A143,A151,1,A174,1,A192,A201,1
A12,41,A34,A43,2498,A61,A71,2,A92,A101,4,A123,51,A143,A152,2,A172,1,A191,A201,0
A11,53,A34,A44,1418,A61,A73,4,A92,A101,2,A123,39,A143,A152,1,A173,1,A192,A201,0
A14,66,A32,A49,3159,A61,A75,2,A93,A101,2,A122,34,A143,A152,3,A173,1,A191,A201,1
A14,66,A32,A40,3462,A65,A72,4,A93,A101,2,A122,65,A143,A152,1,A173,1,A192,A201,1
A11,65,A32,A46,984,A61,A72,2,A93,A101,4,A122,57,A143,A151,2,A173,1,A191,A201,0
A14,10,A31,A48,5623,A65,A74,4,A93,A101,2,A122,52,A143,A152,1,A173,1,A192,A201,1
A14,30,A32,A47,6615,A65,A75,3,A92,A101,4,A124,60,A143,A151,2,A173,1,A191,A201,1
A12,17,A32,A44,1662,A61,A73,4,A93,A101,3,A123,75,A143,A152,3,A171,1,A191,A201,1
A13,8,A32,A43,1315,A62,A75,4,A93,A101,4,A121,33,A142,A152,2,A172,1,A191,A201,1
A12,58,A34,A46,2339,A62,A74,2,A92,A101,4,A121,24,A143,A152,1,A174,1,A191,A201,0
A11,5,A32,A44,3038,A65,A72,4,A92,A101,4,A121,20,A143,A153,1,A173,1,A191,A201,1
A12,65,A31,A46,2413,A65,A75,3,A92,A101,3,A121,42,A141,A152,1,A172,1,A192,A202,1
A13,24,A34,A40,2839,A62,A73,4,A92,A102,1,A121,74,A143,A152,1,A173,1,A191,A201,0
A11,24,A34,A40,3558,A61,A73,2,A93,A101,3,A123,67,A141,A152,1,A173,2,A192,A201,0
A12,13,A34,A49,997,A64,A73,4,A92,A101,4,A124,46,A141,A152,1,A173,1,A191,A201,1
A12,61,A34,A42,1093,A61,A73,2,A92,A101,4,A123,19,A143,A152,1,A174,1,A191,A201,0
A12,42,A32,A410,337,A64,A72,3,A92,A101,4,A121,19,A143,A152,1,A173,2,A191,A201,1
A14,8,A34,A41,6336,A65,A71,2,A94,A101,2,A122,46,A141,A152,1,A173,1,A191,A202,1
A12,68,A31,A41,3017,A61,A73,4,A93,A101,4,A122,54,A142,A152,1,A173,1,A191,A201,0
A12,16,A32,A46,6893,A62,A75,2,A92,A101,2,A123,38,A141,A151,1,A173,1,A192,A201,1
A13,56,A32,A49,1199,A61,A74,4,A92,A103,4,A123,66,A143,A152,2,A173,1,A191,A201,1
A12,48,A32,A41,3039,A61,A75,4,A92,A101,3,A124,26,A141,A153,1,A172,1,A192,A201,1
A11,35,A32,A410,3539,A61,A73,2,A93,A101,4,A122,19,A143,A152,1,A173,1,A192,A201,0
A12,39,A33,A43,1901,A64,A73,4,A91,A102,1,A123,44,A143,A151,1,A171,1,A191,A201,1
A11,63,A34,A41,860,A65,A72,2,A93,A101,3,A121,69,A143,A152,1,A174,1,A192,A201,0
A11,14,A32,A45,12048,A65,A72,3,A93,A103,4,A123,61,A143,A152,2,A173,1,A191,A201,1
A12,66,A32,A47,9130,A61,A73,4,A93,A102,2,A121,67,A143,A153,1,A172,1,A191,A201,1
A12,24,A34,A49,2196,A65,A75,4,A92,A101,4,A122,43,A143,A152,1,A173,1,A191,A201,1
A14,55,A33,A43,4483,A63,A75,4,A93,A101,4,A123,28,A143,A152,2,A174,1,A191,A201,1
A12,58,A32,A44,2022,A61,A75,3,A93,A101,4,A121,30,A143,A152,3,A173,2,A192,A201,0
A13,29,A33,A43,1344,A61,A73,3,A92,A101,3,A121,59,A143,A151,1,A173,2,A192,A201,1
A13,71,A32,A42,12859,A61,A75,2,A93,A103,4,A121,25,A143,A152,1,A173,1,A191,A201,1
A11,37,A32,A44,792,A65,A73,4,A92,A101,4,A121,30,A143,A152,1,A174,1,A191,A201,1
A13,55,A34,A48,2372,A62,A72,4,A92,A101,4,A121,65,A143,A152,1,A173,1,A191,A201,0
A11,55,A32,A47,3188,A63,A75,4,A92,A101,4,A121,58,A143,A152,1,A172,1,A192,A201,1
A14,32,A32,A47,11170,A61,A74,2,A93,A101,3,A121,35,A143,A152,2,A173,1,A191,A201,1
A11,41,A34,A47,6107,A63,A72,3,A93,A101,2,A121,23,A143,A152,1,A173,1,A191,A201,0
A12,45,A33,A47,782,A61,A73,3,A94,A101,2,A124,32,A141,A152,2,A174,1,A192,A201,1
A11,24,A31,A46,2974,A61,A73,1,A92,A101,1,A122,52,A141,A152,1,A172,1,A191,A201,0
A14,45,A32,A47,3031,A62,A74,3,A95,A101,2,A121,66,A143,A152,1,A173,1,A192,A201,1
A12,16,A30,A410,2483,A61,A73,4,A92,A103,4,A123,35,A143,A152,2,A173,1,A191,A201,0
A13,67,A33,A47,4894,A65,A75,4,A93,A101,4,A124,53,A143,A152,1,A174,1,A192,A201,1
A11,20,A32,A47,965,A61,A71,4,A92,A101,2,A123,73,A143,A151,1,A173,1,A191,A201,1
A13,12,A32,A49,2149,A62,A73,4,A92,A101,4,A122,19,A143,A152,1,A173,1,A191,A201,1
A11,44,A34,A46,4372,A61,A73,1,A93,A101,4,A123,68,A143,A153,1,A172,1,A192,A201,0
A14,4,A32,A40,5134,A61,A73,4,A92,A101,4,A123,68,A143,A152,1,A171,1,A192,A201,1
A11,5,A32,A43,3359,A61,A73,1,A93,A102,4,A123,54,A141,A153,1,A173,1,A192,A201,1
A11,63,A32,A43,2366,A61,A74,4,A93,A101,4,A123,33,A143,A152,1,A173,1,A191,A201,1
A11,51,A33,A44,2708,A65,A75,4,A93,A101,1,A124,37,A143,A152,1,A173,1,A192,A201,1
A12,32,A31,A49,5390,A61,A75,3,A93,A101,2,A124,69,A143,A152,3,A174,1,A191,A201,0
A13,13,A32,A45,3062,A65,A75,4,A93,A101,1,A123,60,A143,A152,1,A173,1,A191,A201,1
A11,61,A34,A43,1295,A65,A75,1,A92,A101,4,A122,23,A143,A152,1,A173,1,A191,A201,0
A13,63,A32,A41,1111,A61,A73,4,A93,A101,3,A123,37,A142,A152,3,A172,1,A192,A201,1
A12,24,A32,A45,905,A61,A75,4,A93,A101,4,A123,61,A143,A152,1,A171,1,A192,A201,1
A12,31,A32,A47,9551,A62,A73,2,A92,A101,3,A121,57,A143,A152,1,A173,1,A191,A201,1
A12,37,A31,A47,5687,A65,A73,3,A92,A101,4,A124,23,A143,A152,1,A173,1,A191,A201,0
A12,11,A32,A46,2737,A65,A73,4,A93,A101,2,A121,70,A143,A152,2,A173,1,A191,A201,1
A13,62,A32,A45,2073,A61,A73,4,A93,A101,2,A122,30,A143,A151,1,A174,1,A191,A201,1
A11,52,A32,A41,1883,A64,A73,1,A93,A101,3,A124,37,A141,A151,2,A173,1,A191,A201,1
A11,20,A31,A46,7148,A61,A75,4,A92,A102,3,A121,65,A141,A152,3,A173,1,A192,A201,0
A14,63,A34,A410,13678,A65,A73,2,A93,A101,3,A122,30,A143,A152,1,A174,2,A192,A201,1
A14,48,A34,A44,1836,A65,A72,2,A92,A101,4,A121,54,A142,A152,1,A173,1,A192,A201,1
A12,72,A34,A45,7411,A61,A73,2,A93,A102,1,A122,30,A143,A152,1,A173,1,A191,A201,0
A12,35,A34,A49,3048,A61,A71,1,A93,A101,3,A121,36,A143,A151,1,A172,1,A191,A201,0
A13,47,A32,A47,2515,A61,A72,2,A92,A101,4,A122,67,A142,A151,1,A173,1,A191,A201,1
A12,68,A34,A47,9930,A61,A72,4,A93,A101,1,A122,69,A143,A152,1,A173,1,A192,A201,0
A11,11,A32,A42,2956,A65,A73,3,A95,A101,4,A124,66,A143,A152,2,A172,1,A191,A201,1
A11,46,A34,A46,3778,A61,A73,2,A93,A101,4,A124,61,A143,A152,1,A173,1,A192,A201,0
A13,4,A34,A40,3635,A61,A75,2,A93,A101,1,A121,52,A141,A153,3,A173,1,A192,A201,1
A13,54,A34,A40,812,A61,A74,4,A93,A101,2,A123,66,A143,A151,2,A174,1,A191,A201,1
A11,27,A34,A46,3754,A65,A73,4,A93,A101,3,A121,51,A143,A152,1,A173,1,A191,A201,1
A11,27,A32,A49,1900,A62,A73,2,A91,A103,4,A121,67,A143,A152,2,A174,1,A192,A201,0
A11,20,A32,A48,956,A61,A73,1,A92,A101,4,A121,36,A141,A152,1,A173,1,A192,A201,1
A13,8,A32,A46,1970,A61,A75,2,A92,A101,4,A124,75,A143,A152,2,A172,1,A191,A201,1
A11,23,A32,A49,1958,A65,A71,2,A93,A101,4,A124,47,A143,A153,1,A171,1,A191,A201,1
A11,24,A31,A44,6794,A65,A71,2,A93,A101,1,A121,63,A143,A153,1,A173,1,A191,A201,0
A13,61,A33,A47,1272,A61,A75,3,A92,A101,4,A121,23,A143,A151,2,A173,1,A192,A201,1
A11,34,A34,A41,1584,A61,A73,2,A93,A103,4,A121,43,A143,A151,1,A174,1,A191,A201,0
A13,14,A32,A48,3598,A61,A72,4,A93,A101,4,A123,42,A143,A152,2,A172,1,A191,A201,1
A11,55,A34,A45,1032,A61,A73,2,A93,A101,4,A123,47,A142,A152,2,A173,1,A191,A201,0
A11,18,A34,A48,1759,A61,A75,4,A92,A101,4,A121,56,A143,A151,1,A172,1,A192,A201,0
A11,10,A34,A41,787,A65,A75,4,A93,A101,2,A123,51,A141,A152,1,A173,1,A191,A201,1
A13,31,A34,A42,6223,A61,A74,4,A92,A101,3,A122,28,A143,A152,2,A174,1,A192,A201,0
A14,54,A32,A47,2342,A65,A73,3,A92,A101,4,A124,55,A143,A152,1,A173,1,A191,A201,1
A14,61,A34,A40,2943,A61,A73,3,A95,A101,1,A123,51,A143,A152,2,A173,1,A191,A201,0
A12,8,A34,A49,6203,A63,A75,3,A92,A101,4,A122,41,A143,A152,2,A172,1,A191,A201,1
A13,8,A32,A46,1672,A63,A75,4,A92,A101,1,A123,29,A143,A152,2,A173,1,A191,A201,1
A11,11,A32,A46,2322,A61,A72,4,A93,A101,4,A123,42,A141,A152,2,A172,1,A192,A201,1
A12,67,A34,A40,1280,A61,A75,4,A92,A101,4,A122,42,A143,A152,1,A173,1,A191,A201,0
A14,13,A32,A48,1278,A62,A72,4,A93,A101,1,A122,25,A143,A152,2,A173,1,A191,A201,1
A11,41,A33,A47,1427,A61,A72,3,A92,A101,4,A124,68,A143,A153,2,A173,1,A191,A201,0
A11,11,A33,A43,2010,A61,A74,4,A93,A101,4,A121,39,A143,A153,2,A173,1,A192,A201,1
A11,28,A32,A49,2191,A61,A73,2,A92,A101,4,A121,38,A143,A152,1,A173,1,A191,A201,1
A11,69,A32,A410,3755,A65,A75,2,A92,A101,2,A122,71,A143,A152,1,A173,1,A191,A201,1
A11,53,A34,A44,1461,A61,A72,3,A93,A101,1,A123,28,A143,A152,2,A173,1,A191,A201,0
A13,70,A32,A41,3849,A65,A73,2,A93,A101,3,A123,43,A143,A152,1,A172,1,A192,A201,1
A12,52,A30,A48,4394,A61,A75,4,A93,A103,2,A124,65,A143,A152,1,A173,1,A191,A201,0
A14,39,A30,A45,2050,A64,A75,2,A94,A101,4,A123,54,A143,A151,1,A173,1,A192,A201,1
A14,71,A32,A42,1565,A61,A72,4,A91,A101,4,A121,66,A143,A152,1,A172,1,A191,A201,1
A12,44,A34,A46,3190,A65,A73,4,A93,A101,4,A123,65,A143,A151,1,A172,1,A191,A201,1
A11,65,A32,A48,2534,A61,A74,4,A93,A101,4,A123,33,A143,A151,1,A174,1,A191,A201,1
A12,13,A33,A42,3555,A62,A72,3,A94,A101,4,A121,62,A143,A152,1,A173,1,A191,A201,1
A13,24,A32,A41,10466,A62,A75,4,A91,A101,4,A121,58,A143,A153,2,A174,1,A192,A201,1
A11,39,A32,A46,3149,A61,A75,4,A93,A101,4,A121,58,A143,A152,1,A173,1,A191,A201,1
A13,15,A34,A46,1787,A61,A72,3,A93,A103,4,A123,68,A143,A152,1,A173,1,A191,A201,1
A12,5,A34,A43,1461,A61,A72,2,A92,A101,4,A124,24,A143,A152,1,A173,2,A192,A201,0
A13,16,A32,A410,1507,A61,A72,4,A93,A101,2,A123,55,A143,A153,1,A171,1,A191,A201,1
A12,56,A32,A48,924,A65,A75,4,A91,A101,1,A124,20,A143,A152,2,A173,1,A191,A201,1
A12,35,A30,A47,6286,A61,A72,4,A93,A101,4,A121,30,A143,A152,2,A173,1,A192,A201,0
A14,19,A32,A40,499,A61,A73,4,A94,A101,4,A124,22,A143,A152,1,A174,1,A191,A201,1
A13,35,A33,A40,4404,A63,A73,4,A93,A101,4,A123,41,A143,A152,1,A173,1,A192,A201,1
A11,35,A32,A44,1488,A61,A74,2,A93,A101,4,A122,31,A143,A151,2,A173,1,A191,A201,1
A14,14,A32,A45,1978,A61,A72,1,A91,A101,1,A124,35,A143,A151,1,A173,2,A191,A201,1
A12,13,A32,A42,1453,A61,A72,3,A94,A101,4,A122,49,A143,A152,1,A173,1,A191,A201,1
A14,18,A34,A48,9477,A65,A75,4,A93,A103,3,A124,34,A143,A152,1,A172,1,A192,A201,1
A13,20,A34,A49,3020,A65,A75,4,A91,A101,4,A124,59,A143,A152,1,A173,1,A191,A201,1
A12,43,A31,A45,5609,A65,A75,3,A93,A101,4,A123,44,A143,A151,1,A173,1,A191,A201,0
A11,21,A34,A43,8437,A61,A71,4,A93,A101,2,A123,46,A143,A152,1,A173,1,A192,A201,0
A11,58,A32,A46,3397,A64,A73,3,A92,A101,4,A121,19,A142,A152,1,A173,1,A191,A201,1
A13,28,A32,A47,1145,A61,A74,3,A92,A101,4,A123,65,A141,A151,1,A173,1,A192,A201,1
A13,62,A34,A48,2498,A61,A73,2,A92,A101,2,A122,30,A143,A152,1,A173,1,A191,A201,0
A11,25,A34,A410,1646,A61,A75,2,A93,A101,4,A123,55,A143,A151,1,A174,1,A191,A201,0
A11,33,A34,A45,1992,A61,A74,2,A93,A101,4,A123,73,A143,A152,1,A173,2,A191,A201,0
A14,47,A32,A45,2763,A61,A72,2,A93,A101,4,A124,74,A143,A152,1,A173,1,A191,A201,1
A14,35,A32,A47,2677,A61,A75,2,A93,A101,3,A121,68,A143,A152,1,A173,1,A192,A201,1
A12,54,A34,A44,4145,A61,A75,1,A93,A102,1,A123,38,A143,A151,2,A174,1,A192,A201,0
A11,49,A32,A42,4655,A61,A72,4,A93,A101,4,A124,20,A143,A152,1,A173,1,A192,A201,1
A12,24,A32,A42,2677,A63,A73,3,A91,A101,1,A123,54,A143,A152,1,A173,2,A192,A201,1
A11,35,A32,A45,4116,A61,A73,4,A93,A101,4,A121,33,A143,A152,1,A172,1,A191,A201,1
A14,42,A33,A41,1920,A63,A73,2,A93,A101,1,A121,56,A143,A152,1,A174,1,A192,A201,1
A11,15,A32,A45,8534,A61,A72,3,A93,A101,4,A121,40,A143,A151,1,A173,1,A192,A201,1
A13,50,A32,A45,1896,A65,A74,3,A93,A102,4,A123,62,A141,A152,1,A172,1,A191,A201,1
A12,21,A34,A47,7767,A61,A75,1,A92,A101,3,A123,68,A142,A152,2,A173,1,A191,A201,1
A13,24,A32,A46,915,A61,A73,4,A94,A101,1,A124,50,A143,A152,2,A173,1,A192,A201,1
A13,16,A32,A47,2198,A61,A72,1,A92,A101,4,A122,38,A143,A152,1,A173,1,A191,A201,1
A14,24,A32,A48,2287,A62,A74,4,A93,A101,4,A122,54,A142,A152,1,A173,1,A192,A202,1
A11,11,A30,A45,3726,A65,A73,4,A91,A101,2,A123,51,A143,A152,2,A173,1,A191,A201,1
A11,49,A30,A42,5939,A61,A75,4,A94,A101,4,A123,33,A143,A152,1,A173,2,A191,A201,0
A11,10,A32,A49,1097,A61,A73,4,A92,A101,2,A124,68,A143,A152,2,A173,2,A191,A201,1
A14,26,A34,A42,1228,A65,A72,4,A92,A101,3,A123,64,A142,A151,1,A173,1,A191,A201,1
A14,25,A32,A410,971,A62,A72,3,A92,A101,4,A122,21,A143,A151,1,A174,1,A191,A201,1
A13,25,A34,A40,8571,A61,A75,4,A93,A101,1,A123,47,A143,A152,1,A173,1,A191,A201,1
A13,32,A32,A410,3782,A61,A73,1,A92,A101,4,A124,65,A143,A152,2,A174,1,A191,A201,1
A13,16,A32,A44,1252,A61,A75,2,A93,A101,3,A122,45,A143,A152,2,A173,2,A192,A201,1
A11,5,A32,A43,2091,A62,A72,4,A93,A101,1,A121,23,A143,A152,1,A173,1,A191,A201,1
A14,32,A32,A48,7672,A61,A73,4,A91,A101,3,A121,74,A143,A152,2,A172,1,A192,A201,1
A12,55,A34,A48,2386,A65,A73,4,A92,A102,4,A121,49,A142,A152,1,A173,1,A191,A201,0
A12,30,A32,A44,2276,A61,A75,2,A93,A101,4,A123,40,A143,A152,2,A174,1,A192,A201,1
A12,53,A32,A49,1595,A61,A75,4,A93,A101,4,A121,53,A141,A152,2,A173,1,A192,A201,1
A11,26,A34,A43,1312,A61,A72,2,A93,A101,1,A121,72,A143,A152,1,A172,1,A191,A201,0
A11,47,A34,A46,7682,A65,A73,3,A93,A101,2,A122,25,A143,A153,1,A172,1,A192,A201,0
A13,25,A34,A45,11374,A65,A72,3,A92,A101,4,A123,24,A143,A152,2,A173,1,A191,A201,0
A11,46,A32,A43,1355,A61,A73,3,A92,A101,1,A122,44,A143,A153,2,A172,1,A191,A201,1
A13,40,A34,A49,9172,A63,A73,2,A92,A101,4,A123,72,A143,A151,1,A173,1,A192,A201,1
A11,64,A32,A41,2018,A61,A75,4,A93,A101,1,A121,19,A143,A151,1,A173,1,A191,A201,0
A12,59,A32,A40,4568,A61,A75,4,A95,A101,4,A121,37,A141,A152,4,A173,1,A191,A201,1
A12,6,A32,A43,9211,A61,A73,4,A93,A101,3,A122,25,A143,A152,1,A173,1,A191,A201,0
A12,66,A32,A43,2654,A61,A73,4,A91,A101,4,A122,54,A143,A151,1,A173,1,A192,A201,0
A13,22,A32,A40,2293,A61,A75,4,A92,A101,2,A122,30,A143,A152,1,A173,1,A192,A201,1
A12,26,A32,A45,5658,A65,A75,4,A92,A101,1,A121,38,A141,A152,2,A172,1,A191,A201,1
A13,32,A34,A43,1226,A61,A71,4,A93,A101,2,A124,41,A143,A152,1,A174,2,A192,A201,1
A12,33,A32,A40,7462,A65,A73,2,A92,A101,1,A123,43,A143,A152,1,A173,1,A192,A202,1
A13,42,A31,A40,3341,A61,A73,4,A94,A101,3,A121,48,A143,A152,1,A173,2,A192,A201,0
A14,28,A31,A40,1877,A62,A72,4,A93,A101,4,A121,47,A143,A151,2,A172,1,A191,A201,1
A13,11,A34,A47,1838,A61,A72,2,A94,A101,4,A124,49,A143,A153,2,A172,1,A192,A201,1
A11,61,A32,A49,985,A61,A71,2,A93,A101,4,A123,36,A141,A152,2,A173,1,A192,A201,0
A11,19,A32,A47,1941,A61,A74,4,A93,A101,4,A122,59,A141,A151,1,A173,1,A191,A201,1
A11,4,A34,A41,2413,A61,A73,1,A93,A102,4,A123,37,A143,A152,2,A173,1,A192,A201,0
A13,8,A34,A410,1275,A62,A71,4,A93,A101,3,A123,72,A143,A153,2,A173,1,A191,A201,1
A11,6,A32,A46,2874,A61,A73,2,A93,A101,4,A123,22,A143,A152,2,A174,1,A191,A201,1
A12,68,A33,A47,4351,A64,A75,4,A93,A101,3,A122,19,A142,A152,3,A174,1,A192,A201,1
A13,7,A34,A47,2512,A61,A75,3,A93,A101,4,A122,59,A143,A152,1,A173,2,A192,A201,1
A12,67,A33,A410,5065,A61,A73,4,A95,A101,2,A121,33,A141,A153,1,A173,1,A191,A201,1
A13,13,A32,A49,1562,A61,A73,4,A93,A101,1,A124,72,A143,A151,2,A173,2,A191,A201,1
A11,24,A34,A410,6652,A65,A75,3,A93,A101,4,A123,26,A143,A152,2,A173,1,A192,A201,0
A11,49,A32,A46,3286,A63,A72,4,A93,A101,2,A121,33,A143,A152,1,A173,1,A192,A202,1
A13,30,A32,A44,10262,A61,A72,1,A92,A101,4,A124,33,A143,A151,1,A172,1,A192,A201,1
A12,69,A32,A40,20565,A61,A73,1,A92,A101,4,A124,68,A143,A152,2,A173,2,A192,A201,0
A13,44,A30,A48,2046,A61,A72,2,A93,A102,1,A124,57,A143,A152,1,A172,1,A192,A201,1
A12,16,A32,A46,2114,A65,A73,4,A93,A101,1,A124,40,A143,A152,1,A171,1,A191,A201,1
A11,12,A34,A41,2447,A62,A75,2,A93,A101,4,A124,36,A142,A151,2,A173,1,A192,A201,0
A14,39,A30,A45,4800,A61,A74,2,A93,A101,4,A121,34,A143,A152,1,A173,1,A191,A201,1
A13,61,A32,A41,8610,A61,A73,3,A93,A101,2,A124,20,A143,A151,1,A174,1,A192,A202,1
A13,57,A32,A40,1768,A61,A75,4,A93,A101,4,A123,54,A142,A152,2,A173,1,A191,A201,1
A12,15,A31,A46,4044,A65,A71,4,A91,A101,4,A121,38,A143,A152,1,A174,1,A191,A201,0
A13,17,A34,A41,2673,A61,A72,2,A93,A101,3,A121,34,A141,A152,1,A173,1,A192,A201,1
A12,37,A32,A41,4887,A62,A73,2,A93,A101,1,A124,21,A143,A152,1,A173,2,A192,A201,0
A11,56,A32,A410,9972,A61,A74,4,A92,A101,4,A122,74,A143,A151,1,A173,1,A192,A202,1
A14,23,A32,A44,2459,A63,A71,2,A93,A101,2,A124,48,A143,A152,1,A171,1,A192,A201,1
A11,19,A32,A44,783,A64,A73,4,A93,A101,4,A121,73,A141,A153,1,A173,2,A191,A201,1
A14,59,A30,A46,5405,A62,A74,4,A92,A103,3,A121,20,A142,A153,1,A173,1,A192,A201,0
A12,61,A34,A40,1531,A62,A74,4,A92,A101,4,A122,53,A143,A152,1,A172,1,A191,A201,0
